,time,scan_mode,scan_name,template_name,azimuth_min,azimuth_max,elevation_min,elevation_max,range_min,range_max,cell_azimuth,cell_range,cell_zh,ngates_gt_0,ngates_gt_10,ngates_gt_30,ngates_gt_50,ngates_gt_10_5km,ngates_gt40_5km,ngates
0,2022-09-29 00:00:13,hsrhi,hsrhi,hou-hsrhi-tracer-vol,54.46472,204.51599,0.7800293,182.99927,0.0,109900.0,144.525146484375,1200.0,16.683575,30,2,0,0,0,0,111
1,2022-09-29 00:04:56,hsrhi,hsrhi,hou-hsrhi-tracer-anc,63.05603,63.12195,0.7800293,178.76953,0.0,109900.0,63.0999755859375,1200.0,4.973074,3,0,0,0,0,0,11
2,2022-09-29 00:05:48,ppi,ppi,hou-ppi-tracer,0.5328369,359.5523,0.38452148,3.0871582,0.0,109900.0,33.5247802734375,2900.0,2.7706776,1,0,0,0,0,0,1
3,2022-09-29 00:07:46,vpt,vpt,hou-vpt-tracer,0.58776855,359.5633,89.69238,90.05493,0.0,19900.0,264.55352783203125,2700.0,5.677002,48,0,0,0,0,0,460
4,2022-09-29 00:10:27,hsrhi,hsrhi,hou-hsrhi-tracer-vol,54.46472,204.51599,0.7800293,182.99927,0.0,109900.0,174.4793701171875,2100.0,14.755308,22,1,0,0,0,0,112
5,2022-09-29 00:15:10,hsrhi,hsrhi,hou-hsrhi-tracer-anc,63.05603,63.12195,0.7800293,178.76953,0.0,109900.0,63.1219482421875,2600.0,4.9575577,9,0,0,0,0,0,32
6,2022-09-29 00:20:13,hsrhi,hsrhi,hou-hsrhi-tracer-vol,54.486694,204.64783,0.7800293,182.99927,0.0,109900.0,114.4940185546875,2700.0,7.7637444,41,0,0,0,0,0,175
7,2022-09-29 00:24:55,hsrhi,hsrhi,hou-hsrhi-tracer-anc,63.05603,63.12195,0.7910156,178.76953,0.0,109900.0,63.1219482421875,1200.0,2.9323235,4,0,0,0,0,0,26
8,2022-09-29 00:25:47,ppi,ppi,hou-ppi-tracer,0.5218506,359.5523,0.38452148,3.1530762,0.0,109900.0,,,,0,0,0,0,0,0,0
9,2022-09-29 00:27:45,vpt,vpt,hou-vpt-tracer,0.54107666,359.5166,89.69238,90.05493,0.0,19900.0,279.53887939453125,1300.0,7.566059,87,0,0,0,0,0,261
10,2022-09-29 00:30:28,hsrhi,hsrhi,hou-hsrhi-tracer-vol,54.46472,204.52698,0.7800293,182.99927,0.0,109900.0,144.4866943359375,2600.0,8.566765,30,0,0,0,0,0,159
11,2022-09-29 00:35:07,hsrhi,hsrhi,hou-hsrhi-tracer-anc,63.05603,63.12195,0.76904297,178.76953,0.0,109900.0,63.0999755859375,1200.0,3.6479015,5,0,0,0,0,0,27
12,2022-09-29 00:35:59,ppi,ppi,hou-ppi-tracer,0.5218506,359.54132,0.38452148,3.1311035,0.0,109900.0,,,,0,0,0,0,0,0,0
13,2022-09-29 00:37:58,vpt,vpt,hou-vpt-tracer,0.5328369,359.5523,89.69238,90.05493,0.0,19900.0,302.54425048828125,2400.0,8.050941,84,0,0,0,0,0,231
14,2022-09-29 00:40:15,hsrhi,hsrhi,hou-hsrhi-tracer-vol,54.46472,204.53796,0.7800293,182.99927,0.0,109900.0,144.4866943359375,2600.0,7.057764,27,0,0,0,0,0,152
15,2022-09-29 00:44:58,hsrhi,hsrhi,hou-hsrhi-tracer-anc,63.05603,63.12195,0.7800293,178.76953,0.0,109900.0,63.1219482421875,1200.0,3.97859,4,0,0,0,0,0,12
16,2022-09-29 00:45:50,ppi,ppi,hou-ppi-tracer,0.54382324,359.5633,0.38452148,3.1311035,0.0,109900.0,,,,0,0,0,0,0,0,0
17,2022-09-29 00:47:48,vpt,vpt,hou-vpt-tracer,0.54382324,359.57428,89.67041,90.05493,0.0,19900.0,250.5706787109375,1400.0,10.204346,120,1,0,0,0,0,399
18,2022-09-29 00:50:25,hsrhi,hsrhi,hou-hsrhi-tracer-vol,54.46472,204.51599,0.7800293,182.99927,0.0,109900.0,114.4940185546875,1300.0,9.798063,45,0,0,0,0,0,164
19,2022-09-29 00:55:08,hsrhi,hsrhi,hou-hsrhi-tracer-anc,63.05603,63.12195,0.7800293,178.76953,0.0,109900.0,63.0780029296875,2100.0,3.3236485,7,0,0,0,0,0,16
20,2022-09-29 00:56:00,ppi,ppi,hou-ppi-tracer,0.51086426,359.54132,0.38452148,3.0871582,0.0,109900.0,,,,0,0,0,0,0,0,0
21,2022-09-29 00:57:59,vpt,vpt,hou-vpt-tracer,0.552063,359.5166,89.69238,90.05493,0.0,19900.0,178.5882568359375,1100.0,10.09882,131,1,0,0,0,0,362
22,2022-09-29 01:00:15,hsrhi,hsrhi,hou-hsrhi-tracer-vol,54.486694,204.53796,0.7800293,182.99927,0.0,109900.0,54.5086669921875,1500.0,21.635506,48,1,0,0,0,0,175
23,2022-09-29 01:04:55,hsrhi,hsrhi,hou-hsrhi-tracer-anc,63.05603,63.12195,0.7800293,178.75854,0.0,109900.0,63.0999755859375,2200.0,3.1780453,7,0,0,0,0,0,19
24,2022-09-29 01:05:47,ppi,ppi,hou-ppi-tracer,0.5328369,359.5633,0.3955078,3.1530762,0.0,109900.0,281.56036376953125,21200.0,18.474249,1,1,0,0,0,0,1
25,2022-09-29 01:07:46,vpt,vpt,hou-vpt-tracer,0.58776855,359.5633,89.69238,90.05493,0.0,19900.0,167.5250244140625,700.0,12.363323,186,3,0,0,0,0,551
26,2022-09-29 01:10:28,hsrhi,hsrhi,hou-hsrhi-tracer-vol,54.46472,204.64783,0.7800293,182.99927,0.0,109900.0,84.4793701171875,1200.0,13.185287,81,1,0,0,0,0,237
27,2022-09-29 01:15:07,hsrhi,hsrhi,hou-hsrhi-tracer-anc,63.05603,63.12195,0.7910156,178.7915,0.0,109900.0,63.1219482421875,2700.0,7.222252,11,0,0,0,0,0,36
28,2022-09-29 01:15:59,ppi,ppi,hou-ppi-tracer,0.5657959,359.5633,0.38452148,3.1420898,0.0,109900.0,,,,0,0,0,0,0,0,0
29,2022-09-29 01:17:58,vpt,vpt,hou-vpt-tracer,0.5218506,359.54132,89.69238,90.05493,0.0,19900.0,227.5653076171875,1000.0,10.41893,172,2,0,0,0,0,463
30,2022-09-29 01:20:16,hsrhi,hsrhi,hou-hsrhi-tracer-vol,54.46472,204.51599,0.7800293,182.99927,0.0,109900.0,114.4940185546875,2300.0,11.625019,81,1,0,0,0,0,249
31,2022-09-29 01:24:56,hsrhi,hsrhi,hou-hsrhi-tracer-anc,63.05603,63.12195,0.7800293,178.7915,0.0,109900.0,63.1219482421875,2300.0,4.1362305,5,0,0,0,0,0,30
32,2022-09-29 01:25:48,ppi,ppi,hou-ppi-tracer,0.54382324,359.5633,0.38452148,3.0651855,0.0,109900.0,,,,0,0,0,0,0,0,0
33,2022-09-29 01:27:47,vpt,vpt,hou-vpt-tracer,0.5657959,359.54132,89.70337,90.05493,0.0,19900.0,21.5386962890625,1200.0,11.528946,163,5,0,0,0,0,562
34,2022-09-29 01:30:27,hsrhi,hsrhi,hou-hsrhi-tracer-vol,54.46472,204.64783,0.7800293,182.99927,0.0,109900.0,144.4866943359375,2700.0,10.515596,74,1,0,0,0,0,204
35,2022-09-29 01:35:08,hsrhi,hsrhi,hou-hsrhi-tracer-anc,63.05603,63.12195,0.7800293,178.78052,0.0,109900.0,63.1219482421875,2200.0,3.7540417,4,0,0,0,0,0,22
36,2022-09-29 01:36:00,ppi,ppi,hou-ppi-tracer,0.54382324,359.57428,0.38452148,3.1311035,0.0,109900.0,,,,0,0,0,0,0,0,0
37,2022-09-29 01:37:59,vpt,vpt,hou-vpt-tracer,0.5657959,359.54132,89.69238,90.05493,0.0,19900.0,310.53131103515625,1200.0,14.16703,199,9,0,0,0,0,481
38,2022-09-29 01:40:15,hsrhi,hsrhi,hou-hsrhi-tracer-vol,54.46472,204.53796,0.7800293,182.99927,0.0,109900.0,144.525146484375,2500.0,17.551144,62,2,0,0,0,0,199
39,2022-09-29 01:44:54,hsrhi,hsrhi,hou-hsrhi-tracer-anc,63.05603,63.12195,0.80200195,178.76953,0.0,109900.0,63.1219482421875,2500.0,2.635889,4,0,0,0,0,0,25
40,2022-09-29 01:45:46,ppi,ppi,hou-ppi-tracer,0.54107666,359.58527,0.38452148,3.1311035,0.0,109900.0,,,,0,0,0,0,0,0,0
41,2022-09-29 01:47:45,vpt,vpt,hou-vpt-tracer,0.5548096,359.58527,89.69238,90.05493,0.0,19900.0,146.5850830078125,1400.0,13.056873,157,16,0,0,0,0,405
42,2022-09-29 01:50:29,hsrhi,hsrhi,hou-hsrhi-tracer-vol,54.46472,204.51599,0.76904297,183.01025,0.0,109900.0,174.4793701171875,13900.0,20.656921,55,2,0,0,1,0,149
43,2022-09-29 01:55:11,hsrhi,hsrhi,hou-hsrhi-tracer-anc,63.05603,63.12195,0.7800293,178.76953,0.0,109900.0,63.1219482421875,2300.0,7.9761276,5,0,0,0,0,0,29
44,2022-09-29 01:56:03,ppi,ppi,hou-ppi-tracer,0.5218506,359.5633,0.38452148,3.0871582,0.0,109900.0,118.5699462890625,600.0,-11.472292,0,0,0,0,0,0,1
45,2022-09-29 01:58:02,vpt,vpt,hou-vpt-tracer,0.5548096,359.57428,89.69238,90.05493,0.0,19900.0,151.5728759765625,2000.0,26.018291,149,31,0,0,0,0,329
46,2022-09-29 02:00:12,hsrhi,hsrhi,hou-hsrhi-tracer-vol,54.486694,204.64783,0.7800293,182.99927,0.0,109900.0,84.4793701171875,800.0,7.83366,29,0,0,0,0,0,92
47,2022-09-29 02:04:55,hsrhi,hsrhi,hou-hsrhi-tracer-anc,63.05603,63.12195,0.80200195,178.76953,0.0,109900.0,63.1219482421875,700.0,13.197845,3,1,0,0,0,0,13
48,2022-09-29 02:05:47,ppi,ppi,hou-ppi-tracer,0.5218506,359.54132,0.38452148,3.1530762,0.0,109900.0,,,,0,0,0,0,0,0,0
49,2022-09-29 02:07:45,vpt,vpt,hou-vpt-tracer,0.58776855,359.5633,89.78027,90.05493,0.0,19900.0,121.5582275390625,900.0,10.257181,163,1,0,0,0,0,460
50,2022-09-29 02:10:28,hsrhi,hsrhi,hou-hsrhi-tracer-vol,54.46472,216.67786,0.7800293,182.99927,0.0,109900.0,174.4793701171875,2300.0,9.387033,44,0,0,0,0,0,106
51,2022-09-29 02:14:41,hsrhi,hsrhi,hou-hsrhi-tracer-anc,63.05603,63.12195,0.80200195,178.76953,0.0,109900.0,63.1219482421875,2500.0,4.2806034,5,0,0,0,0,0,9
52,2022-09-29 02:15:33,ppi,ppi,hou-ppi-tracer,0.5218506,359.5523,0.38452148,3.1530762,0.0,109900.0,,,,0,0,0,0,0,0,0
53,2022-09-29 02:17:31,vpt,vpt,hou-vpt-tracer,0.5767822,359.57428,89.7583,90.05493,0.0,19900.0,76.5362548828125,600.0,15.956852,226,22,0,0,0,0,493
54,2022-09-29 02:20:15,hsrhi,hsrhi,hou-hsrhi-tracer-vol,26.482544,204.64783,0.7800293,182.99927,0.0,109900.0,84.4903564453125,600.0,8.904196,50,0,0,0,0,0,123
55,2022-09-29 02:24:55,hsrhi,hsrhi,hou-hsrhi-tracer-anc,63.05603,63.12195,0.7800293,178.76953,0.0,109900.0,63.1219482421875,2500.0,10.782259,8,1,0,0,0,0,22
56,2022-09-29 02:25:47,ppi,ppi,hou-ppi-tracer,0.5328369,359.58527,0.38452148,3.1530762,0.0,109900.0,,,,0,0,0,0,0,0,0
57,2022-09-29 02:27:45,vpt,vpt,hou-vpt-tracer,0.552063,359.5166,89.69238,90.05493,0.0,19900.0,302.55523681640625,1500.0,14.264927,150,12,0,0,0,0,393
58,2022-09-29 02:30:28,hsrhi,hsrhi,hou-hsrhi-tracer-vol,54.486694,204.51599,0.7800293,182.99927,0.0,109900.0,204.4720458984375,1100.0,12.120773,61,2,0,0,0,0,134
59,2022-09-29 02:35:10,hsrhi,hsrhi,hou-hsrhi-tracer-anc,63.05603,63.12195,0.7800293,178.7915,0.0,109900.0,63.0999755859375,1200.0,5.0432587,9,0,0,0,0,0,17
60,2022-09-29 02:36:02,ppi,ppi,hou-ppi-tracer,0.54382324,359.5633,0.38452148,3.1530762,0.0,109900.0,,,,0,0,0,0,0,0,0
61,2022-09-29 02:38:01,vpt,vpt,hou-vpt-tracer,0.58776855,359.5633,89.6814,90.05493,0.0,19900.0,32.5250244140625,1200.0,15.080753,173,27,0,0,0,0,346
62,2022-09-29 02:40:13,hsrhi,hsrhi,hou-hsrhi-tracer-vol,54.46472,204.64783,0.76904297,182.99927,0.0,109900.0,174.4793701171875,2800.0,10.397942,50,1,0,0,0,0,127
63,2022-09-29 02:44:54,hsrhi,hsrhi,hou-hsrhi-tracer-anc,63.05603,63.12195,0.7910156,178.76953,0.0,109900.0,63.1219482421875,2600.0,3.0540962,3,0,0,0,0,0,6
64,2022-09-29 02:45:46,ppi,ppi,hou-ppi-tracer,0.5218506,359.58527,0.3955078,3.0981445,0.0,109900.0,,,,0,0,0,0,0,0,0
65,2022-09-29 02:47:44,vpt,vpt,hou-vpt-tracer,0.54382324,359.5633,89.69238,90.05493,0.0,19900.0,152.5616455078125,700.0,13.942184,124,13,0,0,0,0,348
66,2022-09-29 02:50:28,hsrhi,hsrhi,hou-hsrhi-tracer-vol,54.486694,204.51599,0.7800293,182.99927,0.0,109900.0,174.4793701171875,2400.0,9.77508,57,0,0,0,0,0,161
67,2022-09-29 02:55:10,hsrhi,hsrhi,hou-hsrhi-tracer-anc,63.05603,63.12195,0.7800293,178.7915,0.0,109900.0,63.1219482421875,2800.0,5.5391426,8,0,0,0,0,0,16
68,2022-09-29 02:56:02,ppi,ppi,hou-ppi-tracer,0.54107666,359.5523,0.38452148,3.1530762,0.0,109900.0,,,,0,0,0,0,0,0,0
69,2022-09-29 02:58:01,vpt,vpt,hou-vpt-tracer,0.54382324,359.5633,89.69238,90.05493,0.0,19900.0,266.54205322265625,2300.0,8.614254,156,0,0,0,0,0,376
70,2022-09-29 03:00:13,hsrhi,hsrhi,hou-hsrhi-tracer-vol,54.46472,204.51599,0.7800293,182.99927,0.0,109900.0,174.4793701171875,2700.0,9.216286,41,0,0,0,0,0,97
71,2022-09-29 03:04:53,hsrhi,hsrhi,hou-hsrhi-tracer-anc,63.05603,63.12195,0.80200195,178.76953,0.0,109900.0,63.1219482421875,1200.0,5.703264,9,0,0,0,0,0,11
72,2022-09-29 03:05:45,ppi,ppi,hou-ppi-tracer,0.519104,359.58527,0.38452148,3.0871582,0.0,109900.0,,,,0,0,0,0,0,0,0
73,2022-09-29 03:07:43,vpt,vpt,hou-vpt-tracer,0.5218506,359.5523,89.67041,90.05493,0.0,19900.0,349.53277587890625,1200.0,12.093998,61,11,0,0,0,0,259
74,2022-09-29 03:10:27,hsrhi,hsrhi,hou-hsrhi-tracer-vol,54.486694,204.62585,0.7800293,182.99927,0.0,109900.0,114.4940185546875,1900.0,15.7957535,51,4,0,0,0,0,101
75,2022-09-29 03:15:08,hsrhi,hsrhi,hou-hsrhi-tracer-anc,63.05603,63.12195,0.7910156,178.7915,0.0,109900.0,63.0780029296875,1200.0,5.0631504,4,0,0,0,0,0,17
76,2022-09-29 03:16:00,ppi,ppi,hou-ppi-tracer,0.5548096,359.57428,0.38452148,3.1201172,0.0,109900.0,,,,0,0,0,0,0,0,0
77,2022-09-29 03:17:59,vpt,vpt,hou-vpt-tracer,0.5657959,359.54132,89.67041,90.05493,0.0,19900.0,345.55572509765625,800.0,12.611393,231,15,0,0,0,0,382
78,2022-09-29 03:20:15,hsrhi,hsrhi,hou-hsrhi-tracer-vol,54.46472,204.51599,0.7800293,182.99927,0.0,109900.0,144.503173828125,28800.0,16.09732,32,2,0,0,0,0,76
79,2022-09-29 03:24:56,hsrhi,hsrhi,hou-hsrhi-tracer-anc,63.05603,63.12195,0.7800293,178.76953,0.0,109900.0,63.1219482421875,2300.0,1.7497978,1,0,0,0,0,0,7
80,2022-09-29 03:25:48,ppi,ppi,hou-ppi-tracer,0.5218506,359.54132,0.38452148,3.1420898,0.0,109900.0,92.5653076171875,37400.0,27.175854,2,2,0,0,0,0,2
81,2022-09-29 03:27:46,vpt,vpt,hou-vpt-tracer,0.5218506,359.5523,89.70337,90.05493,0.0,19900.0,279.53887939453125,1300.0,10.188087,206,2,0,0,0,0,508
82,2022-09-29 03:30:27,hsrhi,hsrhi,hou-hsrhi-tracer-vol,54.46472,204.64783,0.7910156,182.99927,0.0,109900.0,144.4866943359375,1200.0,15.779995,40,2,0,0,0,0,99
83,2022-09-29 03:35:08,hsrhi,hsrhi,hou-hsrhi-tracer-anc,63.05603,63.12195,0.7800293,178.76953,0.0,109900.0,63.0999755859375,1200.0,4.5476456,1,0,0,0,0,0,8
84,2022-09-29 03:36:00,ppi,ppi,hou-ppi-tracer,0.54107666,359.5633,0.38452148,3.1091309,0.0,109900.0,,,,0,0,0,0,0,0,0
85,2022-09-29 03:37:59,vpt,vpt,hou-vpt-tracer,0.5328369,359.5523,89.6814,90.05493,0.0,19900.0,119.5587158203125,2100.0,12.836422,93,11,0,0,0,0,241
86,2022-09-29 03:40:15,hsrhi,hsrhi,hou-hsrhi-tracer-vol,54.46472,204.63684,0.7910156,182.99927,0.0,109900.0,144.503173828125,21800.0,12.420414,35,3,0,0,0,0,81
87,2022-09-29 03:44:54,hsrhi,hsrhi,hou-hsrhi-tracer-anc,63.05603,63.12195,0.7800293,178.76953,0.0,109900.0,63.1219482421875,2700.0,4.815735,2,0,0,0,0,0,6
88,2022-09-29 03:45:46,ppi,ppi,hou-ppi-tracer,0.54107666,359.54132,0.38452148,3.1311035,0.0,109900.0,,,,0,0,0,0,0,0,0
89,2022-09-29 03:47:45,vpt,vpt,hou-vpt-tracer,0.5218506,359.54132,89.69238,90.05493,0.0,19900.0,214.5355224609375,800.0,14.31892,145,6,0,0,0,0,297
90,2022-09-29 03:50:29,hsrhi,hsrhi,hou-hsrhi-tracer-vol,54.486694,204.64783,0.7800293,182.99927,0.0,109900.0,144.4866943359375,2400.0,11.14246,31,2,0,0,0,0,82
91,2022-09-29 03:55:11,hsrhi,hsrhi,hou-hsrhi-tracer-anc,63.05603,63.12195,0.7800293,178.7915,0.0,109900.0,63.1219482421875,2800.0,5.5130596,5,0,0,0,0,0,11
92,2022-09-29 03:56:03,ppi,ppi,hou-ppi-tracer,0.54107666,359.58527,0.3955078,3.1311035,0.0,109900.0,,,,0,0,0,0,0,0,0
93,2022-09-29 03:58:01,vpt,vpt,hou-vpt-tracer,0.54382324,359.5633,89.69238,90.05493,0.0,19900.0,10.56060791015625,700.0,19.485954,140,10,0,0,0,0,319
94,2022-09-29 04:00:13,hsrhi,hsrhi,hou-hsrhi-tracer-vol,54.486694,204.63684,0.7800293,182.99927,0.0,109900.0,204.4720458984375,900.0,15.433693,28,2,0,0,0,0,78
95,2022-09-29 04:04:53,hsrhi,hsrhi,hou-hsrhi-tracer-anc,63.05603,63.12195,0.80200195,178.78052,0.0,109900.0,63.1219482421875,2500.0,5.017439,1,0,0,0,0,0,3
96,2022-09-29 04:05:45,ppi,ppi,hou-ppi-tracer,0.5218506,359.58527,0.38452148,3.1311035,0.0,109900.0,,,,0,0,0,0,0,0,0
97,2022-09-29 04:07:44,vpt,vpt,hou-vpt-tracer,0.5328369,359.5523,89.6814,90.05493,0.0,19900.0,200.5499267578125,1500.0,7.3923683,77,0,0,0,0,0,261
98,2022-09-29 04:10:28,hsrhi,hsrhi,hou-hsrhi-tracer-vol,54.486694,204.64783,0.7800293,182.99927,0.0,109900.0,54.4866943359375,1500.0,11.169031,26,1,0,0,0,0,69
99,2022-09-29 04:15:10,hsrhi,hsrhi,hou-hsrhi-tracer-anc,63.05603,63.12195,0.7800293,178.78052,0.0,109900.0,63.1219482421875,1500.0,10.917814,1,1,0,0,0,0,3
100,2022-09-29 04:16:02,ppi,ppi,hou-ppi-tracer,0.5218506,359.58527,0.38452148,3.1311035,0.0,109900.0,,,,0,0,0,0,0,0,0
101,2022-09-29 04:18:01,vpt,vpt,hou-vpt-tracer,0.5767822,359.54132,89.69238,90.05493,0.0,19900.0,181.5985107421875,1500.0,10.988764,122,4,0,0,0,0,304
102,2022-09-29 04:20:13,hsrhi,hsrhi,hou-hsrhi-tracer-vol,54.46472,204.64783,0.7800293,182.99927,0.0,109900.0,204.4720458984375,2100.0,22.971527,32,2,0,0,0,0,89
103,2022-09-29 04:24:54,hsrhi,hsrhi,hou-hsrhi-tracer-anc,63.05603,63.12195,0.7800293,178.76953,0.0,109900.0,63.0999755859375,1200.0,4.6461143,3,0,0,0,0,0,7
104,2022-09-29 04:25:46,ppi,ppi,hou-ppi-tracer,0.54382324,359.58527,0.38452148,3.1311035,0.0,109900.0,,,,0,0,0,0,0,0,0
105,2022-09-29 04:27:44,vpt,vpt,hou-vpt-tracer,0.58776855,359.5633,89.69238,90.05493,0.0,19900.0,76.5802001953125,600.0,11.950779,188,7,0,0,0,0,501
106,2022-09-29 04:30:28,hsrhi,hsrhi,hou-hsrhi-tracer-vol,54.486694,204.62585,0.7800293,182.99927,0.0,109900.0,54.4866943359375,4800.0,18.801174,34,1,0,0,0,0,89
107,2022-09-29 04:35:09,hsrhi,hsrhi,hou-hsrhi-tracer-anc,63.05603,63.12195,0.7800293,178.7915,0.0,109900.0,63.1219482421875,3600.0,-2.270811,0,0,0,0,0,0,6
108,2022-09-29 04:36:01,ppi,ppi,hou-ppi-tracer,0.54107666,359.58527,0.38452148,3.1530762,0.0,109900.0,,,,0,0,0,0,0,0,0
109,2022-09-29 04:38:00,vpt,vpt,hou-vpt-tracer,0.5767822,359.54132,89.6814,90.05493,0.0,19900.0,335.55816650390625,1400.0,12.574316,129,9,0,0,0,0,318
110,2022-09-29 04:40:14,hsrhi,hsrhi,hou-hsrhi-tracer-vol,54.46472,204.51599,0.7800293,182.99927,0.0,109900.0,84.4793701171875,1300.0,11.082815,34,1,0,0,0,0,99
111,2022-09-29 04:44:56,hsrhi,hsrhi,hou-hsrhi-tracer-anc,63.05603,63.12195,0.7800293,178.76953,0.0,109900.0,63.1219482421875,2200.0,6.577942,3,0,0,0,0,0,13
112,2022-09-29 04:45:48,ppi,ppi,hou-ppi-tracer,0.54107666,359.54132,0.38452148,3.1311035,0.0,109900.0,166.5582275390625,700.0,-12.034826,0,0,0,0,0,0,1
113,2022-09-29 04:47:47,vpt,vpt,hou-vpt-tracer,0.54382324,359.5633,89.69238,90.05493,0.0,19900.0,188.5638427734375,900.0,13.969597,124,3,0,0,0,0,309
114,2022-09-29 04:50:26,hsrhi,hsrhi,hou-hsrhi-tracer-vol,54.486694,204.51599,0.7800293,182.99927,0.0,109900.0,54.5086669921875,700.0,9.944475,23,0,0,0,0,0,113
115,2022-09-29 04:55:07,hsrhi,hsrhi,hou-hsrhi-tracer-anc,63.05603,63.12195,0.7910156,178.7915,0.0,109900.0,63.1219482421875,2200.0,5.312441,5,0,0,0,0,0,18
116,2022-09-29 04:55:59,ppi,ppi,hou-ppi-tracer,0.54382324,359.57428,0.38452148,3.1530762,0.0,109900.0,,,,0,0,0,0,0,0,0
117,2022-09-29 04:57:58,vpt,vpt,hou-vpt-tracer,0.54107666,359.5166,89.69238,90.05493,0.0,19900.0,304.56573486328125,1400.0,6.7883644,103,0,0,0,0,0,270
118,2022-09-29 05:00:16,hsrhi,hsrhi,hou-hsrhi-tracer-vol,54.46472,204.64783,0.7800293,182.99927,0.0,109900.0,114.4720458984375,2500.0,10.689238,53,2,0,0,0,0,128
119,2022-09-29 05:04:58,hsrhi,hsrhi,hou-hsrhi-tracer-anc,63.05603,63.12195,0.7800293,178.76953,0.0,109900.0,63.1219482421875,800.0,14.455406,3,1,0,0,0,0,7
120,2022-09-29 05:05:50,ppi,ppi,hou-ppi-tracer,0.54107666,359.5633,0.38452148,3.1420898,0.0,109900.0,,,,0,0,0,0,0,0,0
121,2022-09-29 05:07:48,vpt,vpt,hou-vpt-tracer,0.54382324,359.5633,89.6814,90.05493,0.0,19900.0,10.5633544921875,2000.0,9.506748,133,0,0,0,0,0,312
122,2022-09-29 05:10:25,hsrhi,hsrhi,hou-hsrhi-tracer-vol,54.46472,204.62585,0.7800293,182.99927,0.0,109900.0,144.4866943359375,900.0,15.1171,38,1,0,0,0,0,127
123,2022-09-29 05:15:06,hsrhi,hsrhi,hou-hsrhi-tracer-anc,63.05603,63.12195,0.7800293,178.7915,0.0,109900.0,63.1219482421875,2900.0,5.036146,6,0,0,0,0,0,14
124,2022-09-29 05:15:58,ppi,ppi,hou-ppi-tracer,0.54107666,359.5633,0.38452148,3.1311035,0.0,109900.0,,,,0,0,0,0,0,0,0
125,2022-09-29 05:17:57,vpt,vpt,hou-vpt-tracer,0.5218506,359.5523,89.69238,90.05493,0.0,19900.0,303.52203369140625,1400.0,10.729158,74,7,0,0,0,0,165
126,2022-09-29 05:20:17,hsrhi,hsrhi,hou-hsrhi-tracer-vol,54.46472,204.64783,0.7800293,182.99927,0.0,109900.0,84.5013427734375,800.0,21.4753,64,6,0,0,0,0,172
127,2022-09-29 05:24:58,hsrhi,hsrhi,hou-hsrhi-tracer-anc,63.05603,63.12195,0.80200195,178.76953,0.0,109900.0,63.0999755859375,1200.0,1.471653,3,0,0,0,0,0,22
128,2022-09-29 05:25:50,ppi,ppi,hou-ppi-tracer,0.54107666,359.54132,0.38452148,3.1530762,0.0,109900.0,,,,0,0,0,0,0,0,0
129,2022-09-29 05:27:49,vpt,vpt,hou-vpt-tracer,0.54107666,359.5166,89.69238,90.05493,0.0,19900.0,33.5577392578125,1500.0,11.296524,110,10,0,0,0,0,282
130,2022-09-29 05:30:24,hsrhi,hsrhi,hou-hsrhi-tracer-vol,54.486694,204.64783,0.7800293,182.99927,0.0,109900.0,144.4647216796875,2000.0,10.450266,45,1,0,0,0,0,139
131,2022-09-29 05:35:04,hsrhi,hsrhi,hou-hsrhi-tracer-anc,63.05603,63.12195,0.7910156,178.76953,0.0,109900.0,63.1219482421875,2600.0,13.441612,6,1,0,0,0,0,12
132,2022-09-29 05:35:56,ppi,ppi,hou-ppi-tracer,0.54107666,359.5633,0.38452148,3.0871582,0.0,109900.0,112.5384521484375,48700.0,21.980137,1,1,0,0,0,0,1
133,2022-09-29 05:37:54,vpt,vpt,hou-vpt-tracer,0.5548096,359.58527,89.802246,90.05493,0.0,19900.0,75.5474853515625,1900.0,11.765682,217,5,0,0,0,0,449
134,2022-09-29 05:40:19,hsrhi,hsrhi,hou-hsrhi-tracer-vol,54.46472,204.63684,0.7800293,182.99927,0.0,109900.0,114.4940185546875,900.0,11.248011,27,1,0,0,0,0,108
135,2022-09-29 05:45:01,hsrhi,hsrhi,hou-hsrhi-tracer-anc,63.05603,63.12195,0.7910156,178.76953,0.0,109900.0,63.1219482421875,2600.0,10.015011,5,1,0,0,0,0,15
136,2022-09-29 05:45:53,ppi,ppi,hou-ppi-tracer,0.5218506,359.5633,0.38452148,3.1530762,0.0,109900.0,,,,0,0,0,0,0,0,0
137,2022-09-29 05:47:51,vpt,vpt,hou-vpt-tracer,0.5328369,359.5523,89.69238,90.05493,0.0,19900.0,310.56427001953125,800.0,17.48591,163,22,0,0,0,0,360
138,2022-09-29 05:50:21,hsrhi,hsrhi,hou-hsrhi-tracer-vol,54.486694,204.64783,0.7800293,182.99927,0.0,109900.0,144.4866943359375,1000.0,10.844824,53,2,0,0,0,0,157
139,2022-09-29 05:55:02,hsrhi,hsrhi,hou-hsrhi-tracer-anc,63.05603,63.12195,0.7910156,178.76953,0.0,109900.0,63.1219482421875,1200.0,4.4960747,3,0,0,0,0,0,29
140,2022-09-29 05:55:54,ppi,ppi,hou-ppi-tracer,0.5218506,359.5633,0.38452148,3.1311035,0.0,109900.0,,,,0,0,0,0,0,0,0
141,2022-09-29 05:57:52,vpt,vpt,hou-vpt-tracer,0.54382324,359.5633,89.6814,90.05493,0.0,19900.0,116.5264892578125,1000.0,12.3733635,111,14,0,0,0,0,369
142,2022-09-29 06:00:21,hsrhi,hsrhi,hou-hsrhi-tracer-vol,54.46472,204.64783,0.7800293,182.99927,0.0,109900.0,204.4720458984375,1000.0,15.746567,67,2,0,0,0,0,167
143,2022-09-29 06:05:01,hsrhi,hsrhi,hou-hsrhi-tracer-anc,63.05603,63.12195,0.7910156,178.76953,0.0,109900.0,63.0999755859375,1500.0,1.8854027,2,0,0,0,0,0,35
144,2022-09-29 06:05:53,ppi,ppi,hou-ppi-tracer,0.5328369,359.58527,0.38452148,3.1530762,0.0,109900.0,,,,0,0,0,0,0,0,0
145,2022-09-29 06:07:51,vpt,vpt,hou-vpt-tracer,0.5657959,359.54132,89.69238,90.05493,0.0,19900.0,328.51593017578125,800.0,10.261353,188,1,0,0,0,0,508
146,2022-09-29 06:10:21,hsrhi,hsrhi,hou-hsrhi-tracer-vol,54.46472,204.64783,0.7800293,182.99927,0.0,109900.0,174.4793701171875,2100.0,9.470907,35,0,0,0,0,0,121
147,2022-09-29 06:15:02,hsrhi,hsrhi,hou-hsrhi-tracer-anc,63.05603,63.12195,0.7800293,178.76953,0.0,109900.0,63.1219482421875,800.0,4.6516037,2,0,0,0,0,0,10
148,2022-09-29 06:15:55,ppi,ppi,hou-ppi-tracer,0.5657959,359.5633,0.38452148,3.0871582,0.0,109900.0,,,,0,0,0,0,0,0,0
149,2022-09-29 06:17:53,vpt,vpt,hou-vpt-tracer,0.5657959,359.54132,89.69238,90.05493,0.0,19900.0,110.5389404296875,700.0,12.065773,91,9,0,0,0,0,264
150,2022-09-29 06:20:21,hsrhi,hsrhi,hou-hsrhi-tracer-vol,54.46472,204.51599,0.7800293,182.99927,0.0,109900.0,114.4940185546875,2600.0,9.617241,42,0,0,0,0,0,125
151,2022-09-29 06:25:04,hsrhi,hsrhi,hou-hsrhi-tracer-anc,63.05603,63.12195,0.7800293,178.78052,0.0,109900.0,63.0999755859375,1200.0,4.208143,5,0,0,0,0,0,20
152,2022-09-29 06:25:57,ppi,ppi,hou-ppi-tracer,0.5328369,359.58527,0.38452148,3.1530762,0.0,109900.0,,,,0,0,0,0,0,0,0
153,2022-09-29 06:27:55,vpt,vpt,hou-vpt-tracer,0.5657959,359.54132,89.70337,90.05493,0.0,19900.0,346.57745361328125,700.0,10.68037,92,4,0,0,0,0,452
154,2022-09-29 06:30:18,hsrhi,hsrhi,hou-hsrhi-tracer-vol,54.46472,204.53796,0.76904297,182.99927,0.0,109900.0,84.5013427734375,1400.0,8.652237,54,0,0,0,0,0,161
155,2022-09-29 06:35:01,hsrhi,hsrhi,hou-hsrhi-tracer-anc,63.05603,63.12195,0.7800293,178.76953,0.0,109900.0,63.1219482421875,1100.0,9.939728,4,0,0,0,0,0,18
156,2022-09-29 06:35:54,ppi,ppi,hou-ppi-tracer,0.5218506,359.58527,0.38452148,3.1530762,0.0,109900.0,269.53033447265625,14200.0,24.807583,2,1,0,0,0,0,2
157,2022-09-29 06:37:52,vpt,vpt,hou-vpt-tracer,0.5218506,359.54132,89.69238,90.05493,0.0,19900.0,312.58575439453125,2100.0,11.762091,149,10,0,0,0,0,481
158,2022-09-29 06:40:21,hsrhi,hsrhi,hou-hsrhi-tracer-vol,54.46472,204.64783,0.7800293,182.99927,0.0,109900.0,174.4793701171875,1600.0,17.335135,36,2,0,0,0,0,153
159,2022-09-29 06:45:02,hsrhi,hsrhi,hou-hsrhi-tracer-anc,63.067017,63.12195,0.7800293,178.7915,0.0,109900.0,63.1219482421875,1400.0,4.6885605,2,0,0,0,0,0,19
160,2022-09-29 06:45:54,ppi,ppi,hou-ppi-tracer,0.5328369,359.5523,0.3955078,3.043213,0.0,109900.0,,,,0,0,0,0,0,0,0
161,2022-09-29 06:47:53,vpt,vpt,hou-vpt-tracer,0.5767822,359.54132,89.70337,90.05493,0.0,19900.0,25.5596923828125,600.0,11.636883,119,3,0,0,0,0,330
162,2022-09-29 06:50:20,hsrhi,hsrhi,hou-hsrhi-tracer-vol,54.46472,204.64783,0.7800293,182.99927,0.0,109900.0,54.4866943359375,1300.0,10.698206,44,1,0,0,0,0,143
163,2022-09-29 06:55:01,hsrhi,hsrhi,hou-hsrhi-tracer-anc,63.05603,63.12195,0.7800293,178.76953,0.0,109900.0,63.1219482421875,1300.0,10.245529,7,1,0,0,0,0,13
164,2022-09-29 06:55:53,ppi,ppi,hou-ppi-tracer,0.54107666,359.5633,0.3955078,3.1311035,0.0,109900.0,239.5294189453125,1500.0,-6.5830593,0,0,0,0,0,0,1
165,2022-09-29 06:57:51,vpt,vpt,hou-vpt-tracer,0.5767822,359.5523,89.69238,90.05493,0.0,19900.0,117.5592041015625,1300.0,14.872372,115,10,0,0,0,0,347
166,2022-09-29 07:00:22,hsrhi,hsrhi,hou-hsrhi-tracer-vol,54.46472,204.63684,0.76904297,182.99927,0.0,109900.0,204.4720458984375,900.0,25.621563,49,2,0,0,0,0,150
167,2022-09-29 07:05:04,hsrhi,hsrhi,hou-hsrhi-tracer-anc,63.05603,63.12195,0.7800293,178.76953,0.0,109900.0,63.1219482421875,900.0,15.302864,9,1,0,0,0,0,29
168,2022-09-29 07:05:56,ppi,ppi,hou-ppi-tracer,0.54107666,359.5633,0.38452148,3.1530762,0.0,109900.0,,,,0,0,0,0,0,0,0
169,2022-09-29 07:07:55,vpt,vpt,hou-vpt-tracer,0.552063,359.5276,89.6814,90.05493,0.0,19900.0,259.58770751953125,1000.0,17.09691,156,27,0,0,0,0,453
170,2022-09-29 07:10:19,hsrhi,hsrhi,hou-hsrhi-tracer-vol,54.486694,204.51599,0.7800293,182.99927,0.0,109900.0,204.4720458984375,2200.0,8.074717,46,0,0,0,0,0,148
171,2022-09-29 07:15:01,hsrhi,hsrhi,hou-hsrhi-tracer-anc,63.05603,63.12195,0.7800293,178.76953,0.0,109900.0,63.1219482421875,2500.0,2.527092,2,0,0,0,0,0,17
172,2022-09-29 07:15:53,ppi,ppi,hou-ppi-tracer,0.5218506,359.58527,0.38452148,3.0651855,0.0,109900.0,243.5504150390625,1400.0,6.261204,1,0,0,0,0,0,1
173,2022-09-29 07:17:51,vpt,vpt,hou-vpt-tracer,0.5657959,359.54132,89.70337,90.05493,0.0,19900.0,185.5206298828125,1600.0,14.766552,214,16,0,0,0,0,497
174,2022-09-29 07:20:21,hsrhi,hsrhi,hou-hsrhi-tracer-vol,54.46472,204.63684,0.7800293,182.99927,0.0,109900.0,144.4866943359375,2400.0,10.999613,49,2,0,0,0,0,158
175,2022-09-29 07:25:03,hsrhi,hsrhi,hou-hsrhi-tracer-anc,63.05603,63.12195,0.7800293,178.76953,0.0,109900.0,63.1219482421875,2700.0,10.787437,6,1,0,0,0,0,15
176,2022-09-29 07:25:55,ppi,ppi,hou-ppi-tracer,0.5218506,359.5523,0.38452148,3.1311035,0.0,109900.0,359.55230712890625,7500.0,5.3539734,1,0,0,0,0,0,1
177,2022-09-29 07:27:54,vpt,vpt,hou-vpt-tracer,0.5657959,359.54132,89.69238,90.05493,0.0,19900.0,317.57354736328125,1200.0,12.138519,246,7,0,0,0,0,613
178,2022-09-29 07:30:20,hsrhi,hsrhi,hou-hsrhi-tracer-vol,54.46472,204.62585,0.7800293,182.99927,0.0,109900.0,114.4940185546875,900.0,14.987942,50,2,0,0,0,0,148
179,2022-09-29 07:35:00,hsrhi,hsrhi,hou-hsrhi-tracer-anc,63.05603,63.12195,0.7910156,178.7915,0.0,109900.0,63.1219482421875,1000.0,5.376253,3,0,0,0,0,0,7
180,2022-09-29 07:35:52,ppi,ppi,hou-ppi-tracer,0.5218506,359.57428,0.38452148,3.1311035,0.0,109900.0,,,,0,0,0,0,0,0,0
181,2022-09-29 07:37:51,vpt,vpt,hou-vpt-tracer,0.5657959,359.54132,89.69238,90.05493,0.0,19900.0,212.5579833984375,1700.0,12.000923,202,13,0,0,0,0,435
182,2022-09-29 07:40:22,hsrhi,hsrhi,hou-hsrhi-tracer-vol,54.46472,204.51599,0.7800293,182.99927,0.0,109900.0,204.4720458984375,1000.0,12.975771,36,3,0,0,0,0,135
183,2022-09-29 07:45:04,hsrhi,hsrhi,hou-hsrhi-tracer-anc,63.05603,63.12195,0.7800293,178.76953,0.0,109900.0,63.0780029296875,1700.0,13.0973625,9,1,0,0,0,0,21
184,2022-09-29 07:45:57,ppi,ppi,hou-ppi-tracer,0.5218506,359.5633,0.38452148,3.1091309,0.0,109900.0,,,,0,0,0,0,0,0,0
185,2022-09-29 07:47:55,vpt,vpt,hou-vpt-tracer,0.54382324,359.5633,89.747314,90.05493,0.0,19900.0,136.5435791015625,800.0,17.982563,73,7,0,0,0,0,403
186,2022-09-29 07:50:18,hsrhi,hsrhi,hou-hsrhi-tracer-vol,54.46472,204.64783,0.7800293,182.99927,0.0,109900.0,114.4720458984375,1600.0,17.54811,52,4,0,0,0,0,155
187,2022-09-29 07:55:01,hsrhi,hsrhi,hou-hsrhi-tracer-anc,63.05603,63.12195,0.7800293,178.76953,0.0,109900.0,63.1219482421875,1000.0,13.589733,11,1,0,0,0,0,25
188,2022-09-29 07:55:53,ppi,ppi,hou-ppi-tracer,0.5218506,359.5523,0.38452148,3.0871582,0.0,109900.0,,,,0,0,0,0,0,0,0
189,2022-09-29 07:57:52,vpt,vpt,hou-vpt-tracer,0.58776855,359.5633,89.70337,90.05493,0.0,19900.0,59.5513916015625,1300.0,12.644669,251,14,0,0,0,0,596
190,2022-09-29 08:00:21,hsrhi,hsrhi,hou-hsrhi-tracer-vol,54.46472,204.51599,0.7800293,182.99927,0.0,109900.0,204.4720458984375,2400.0,10.717829,65,1,0,0,0,0,182
191,2022-09-29 08:05:04,hsrhi,hsrhi,hou-hsrhi-tracer-anc,63.05603,63.12195,0.7800293,178.76953,0.0,109900.0,63.0780029296875,1800.0,14.146767,6,1,0,0,0,0,18
192,2022-09-29 08:05:56,ppi,ppi,hou-ppi-tracer,0.5218506,359.5633,0.3955078,3.1091309,0.0,109900.0,,,,0,0,0,0,0,0,0
193,2022-09-29 08:07:54,vpt,vpt,hou-vpt-tracer,0.58776855,359.5523,89.69238,90.05493,0.0,19900.0,270.53009033203125,900.0,17.839247,260,13,0,0,0,0,512
194,2022-09-29 08:10:19,hsrhi,hsrhi,hou-hsrhi-tracer-vol,54.46472,204.51599,0.7800293,182.99927,0.0,109900.0,114.4720458984375,1700.0,12.841551,69,1,0,0,0,0,173
195,2022-09-29 08:15:02,hsrhi,hsrhi,hou-hsrhi-tracer-anc,63.05603,63.12195,0.7800293,178.76953,0.0,109900.0,63.1219482421875,2500.0,7.064659,3,0,0,0,0,0,9
196,2022-09-29 08:15:54,ppi,ppi,hou-ppi-tracer,0.5548096,359.58527,0.38452148,3.1311035,0.0,109900.0,,,,0,0,0,0,0,0,0
197,2022-09-29 08:17:53,vpt,vpt,hou-vpt-tracer,0.54107666,359.5166,89.69238,90.05493,0.0,19900.0,112.5384521484375,1300.0,12.004791,150,10,0,0,0,0,382
198,2022-09-29 08:20:20,hsrhi,hsrhi,hou-hsrhi-tracer-vol,54.46472,204.51599,0.7800293,182.99927,0.0,109900.0,174.4793701171875,1100.0,10.713224,51,2,0,0,0,0,147
199,2022-09-29 08:25:01,hsrhi,hsrhi,hou-hsrhi-tracer-anc,63.05603,63.12195,0.7800293,178.76953,0.0,109900.0,63.1219482421875,1100.0,13.494534,8,1,0,0,0,0,16
200,2022-09-29 08:25:53,ppi,ppi,hou-ppi-tracer,0.5328369,359.5633,0.38452148,3.1091309,0.0,109900.0,297.54547119140625,2000.0,1.6746101,2,0,0,0,0,0,2
201,2022-09-29 08:27:51,vpt,vpt,hou-vpt-tracer,0.54107666,359.5166,89.69238,90.05493,0.0,19900.0,74.5587158203125,800.0,14.603472,177,24,0,0,0,0,523
202,2022-09-29 08:30:22,hsrhi,hsrhi,hou-hsrhi-tracer-vol,54.46472,204.51599,0.7800293,182.99927,0.0,109900.0,114.4940185546875,800.0,14.236755,57,5,0,0,0,0,160
203,2022-09-29 08:35:04,hsrhi,hsrhi,hou-hsrhi-tracer-anc,63.05603,63.12195,0.7800293,178.76953,0.0,109900.0,63.1219482421875,1800.0,2.1229744,4,0,0,0,0,0,14
204,2022-09-29 08:35:56,ppi,ppi,hou-ppi-tracer,0.5218506,359.5633,0.3955078,3.1091309,0.0,109900.0,0.5438232421875,7500.0,4.6243362,2,0,0,0,0,0,2
205,2022-09-29 08:37:55,vpt,vpt,hou-vpt-tracer,0.54107666,359.5166,89.69238,90.05493,0.0,19900.0,311.54205322265625,800.0,16.985386,190,36,0,0,0,0,400
206,2022-09-29 08:40:18,hsrhi,hsrhi,hou-hsrhi-tracer-vol,54.46472,204.51599,0.7800293,182.99927,0.0,109900.0,174.4793701171875,2400.0,11.911629,43,1,0,0,0,0,125
207,2022-09-29 08:45:00,hsrhi,hsrhi,hou-hsrhi-tracer-anc,63.05603,63.12195,0.7800293,178.76953,0.0,109900.0,63.0780029296875,3200.0,6.087057,1,0,0,0,0,0,6
208,2022-09-29 08:45:52,ppi,ppi,hou-ppi-tracer,0.54107666,359.58527,0.38452148,3.1091309,0.0,109900.0,359.56329345703125,7500.0,3.7498684,1,0,0,0,0,0,1
209,2022-09-29 08:47:51,vpt,vpt,hou-vpt-tracer,0.54382324,359.5633,89.67041,90.05493,0.0,19900.0,352.54302978515625,900.0,16.476585,213,26,0,0,0,0,515
210,2022-09-29 08:50:22,hsrhi,hsrhi,hou-hsrhi-tracer-vol,54.46472,204.51599,0.7800293,182.99927,0.0,109900.0,204.4720458984375,900.0,11.709322,53,3,0,0,0,0,140
211,2022-09-29 08:55:03,hsrhi,hsrhi,hou-hsrhi-tracer-anc,63.05603,63.12195,0.7800293,178.76953,0.0,109900.0,63.1219482421875,1000.0,11.487194,9,2,0,0,0,0,16
212,2022-09-29 08:55:55,ppi,ppi,hou-ppi-tracer,0.54107666,359.5633,0.38452148,3.1530762,0.0,109900.0,359.5166015625,7500.0,5.26095,1,0,0,0,0,0,1
213,2022-09-29 08:57:53,vpt,vpt,hou-vpt-tracer,0.5657959,359.58527,89.6814,90.05493,0.0,19900.0,203.5821533203125,1100.0,14.089508,231,25,0,0,0,0,406
214,2022-09-29 09:00:20,hsrhi,hsrhi,hou-hsrhi-tracer-vol,54.46472,204.51599,0.7800293,182.99927,0.0,109900.0,204.4720458984375,700.0,11.459564,47,2,0,0,0,0,153
215,2022-09-29 09:05:03,hsrhi,hsrhi,hou-hsrhi-tracer-anc,63.05603,63.12195,0.7800293,178.76953,0.0,109900.0,63.1219482421875,2700.0,5.561739,5,0,0,0,0,0,14
216,2022-09-29 09:05:55,ppi,ppi,hou-ppi-tracer,0.54107666,359.5633,0.38452148,3.1311035,0.0,109900.0,359.54132080078125,7500.0,4.307913,1,0,0,0,0,0,2
217,2022-09-29 09:07:54,vpt,vpt,hou-vpt-tracer,0.5657959,359.54132,89.69238,90.05493,0.0,19900.0,175.5450439453125,700.0,11.983864,113,6,0,0,0,0,366
218,2022-09-29 09:10:20,hsrhi,hsrhi,hou-hsrhi-tracer-vol,54.46472,204.51599,0.7800293,182.99927,0.0,109900.0,114.4940185546875,1000.0,12.0072975,53,1,0,0,0,0,147
219,2022-09-29 09:15:02,hsrhi,hsrhi,hou-hsrhi-tracer-anc,63.05603,63.12195,0.7800293,178.76953,0.0,109900.0,63.0780029296875,1700.0,6.137615,5,0,0,0,0,0,13
220,2022-09-29 09:15:55,ppi,ppi,hou-ppi-tracer,0.54107666,359.54132,0.38452148,3.1091309,0.0,109900.0,175.5340576171875,800.0,-6.5203924,0,0,0,0,0,0,1
221,2022-09-29 09:17:53,vpt,vpt,hou-vpt-tracer,0.552063,359.5166,89.6814,90.05493,0.0,19900.0,102.5628662109375,1200.0,14.398525,86,21,0,0,0,0,330
222,2022-09-29 09:20:20,hsrhi,hsrhi,hou-hsrhi-tracer-vol,54.46472,204.51599,0.7800293,182.99927,0.0,109900.0,114.4720458984375,1100.0,12.443884,62,2,0,0,0,0,172
223,2022-09-29 09:25:01,hsrhi,hsrhi,hou-hsrhi-tracer-anc,63.05603,63.12195,0.7800293,178.75854,0.0,109900.0,63.1219482421875,1000.0,8.303181,10,0,0,0,0,0,23
224,2022-09-29 09:25:53,ppi,ppi,hou-ppi-tracer,0.5218506,359.58527,0.38452148,3.1311035,0.0,109900.0,,,,0,0,0,0,0,0,0
225,2022-09-29 09:27:52,vpt,vpt,hou-vpt-tracer,0.58776855,359.5633,89.70337,90.05493,0.0,19900.0,89.5440673828125,1100.0,16.958488,139,15,0,0,0,0,357
226,2022-09-29 09:30:22,hsrhi,hsrhi,hou-hsrhi-tracer-vol,54.486694,204.51599,0.7800293,182.99927,0.0,109900.0,114.4940185546875,800.0,14.624777,70,4,0,0,0,0,166
227,2022-09-29 09:35:06,hsrhi,hsrhi,hou-hsrhi-tracer-anc,63.05603,63.12195,0.7800293,178.76953,0.0,109900.0,63.1219482421875,2400.0,5.2510586,3,0,0,0,0,0,19
228,2022-09-29 09:35:58,ppi,ppi,hou-ppi-tracer,0.5328369,359.5633,0.38452148,3.1530762,0.0,109900.0,,,,0,0,0,0,0,0,0
229,2022-09-29 09:37:56,vpt,vpt,hou-vpt-tracer,0.5218506,359.50836,89.69238,90.05493,0.0,19900.0,190.5303955078125,700.0,18.75713,134,9,0,0,0,0,395
230,2022-09-29 09:40:17,hsrhi,hsrhi,hou-hsrhi-tracer-vol,54.46472,204.64783,0.7800293,182.99927,0.0,109900.0,204.4720458984375,700.0,13.64168,38,1,0,0,0,0,127
231,2022-09-29 09:44:58,hsrhi,hsrhi,hou-hsrhi-tracer-anc,63.05603,63.12195,0.7800293,178.76953,0.0,109900.0,63.1219482421875,1300.0,6.9720154,4,0,0,0,0,0,17
232,2022-09-29 09:45:51,ppi,ppi,hou-ppi-tracer,0.54107666,359.57428,0.38452148,3.0871582,0.0,109900.0,359.56329345703125,7500.0,4.8384323,1,0,0,0,0,0,2
233,2022-09-29 09:47:49,vpt,vpt,hou-vpt-tracer,0.54382324,359.5633,89.70337,90.05493,0.0,19900.0,273.55133056640625,700.0,22.306849,101,33,0,0,0,0,279
234,2022-09-29 09:50:24,hsrhi,hsrhi,hou-hsrhi-tracer-vol,54.486694,204.51599,0.7800293,182.99927,0.0,109900.0,174.4793701171875,1200.0,11.6143265,45,1,0,0,0,0,123
235,2022-09-29 09:55:08,hsrhi,hsrhi,hou-hsrhi-tracer-anc,63.05603,63.12195,0.7800293,178.76953,0.0,109900.0,63.1219482421875,1400.0,9.49819,7,0,0,0,0,0,16
236,2022-09-29 09:56:00,ppi,ppi,hou-ppi-tracer,0.5328369,359.5523,0.38452148,3.1091309,0.0,109900.0,359.5166015625,7500.0,5.682743,1,0,0,0,0,0,1
237,2022-09-29 09:57:59,vpt,vpt,hou-vpt-tracer,0.5548096,359.53033,89.69238,90.05493,0.0,19900.0,252.5701904296875,1900.0,10.456623,95,5,0,0,0,0,277
238,2022-09-29 10:00:15,hsrhi,hsrhi,hou-hsrhi-tracer-vol,54.46472,204.51599,0.7800293,182.99927,0.0,109900.0,84.4793701171875,1300.0,13.0510235,58,1,0,0,0,0,145
239,2022-09-29 10:04:59,hsrhi,hsrhi,hou-hsrhi-tracer-anc,63.05603,63.12195,0.7800293,178.76953,0.0,109900.0,63.1219482421875,2400.0,5.470253,2,0,0,0,0,0,17
240,2022-09-29 10:05:51,ppi,ppi,hou-ppi-tracer,0.54107666,359.5633,0.38452148,3.0871582,0.0,109900.0,,,,0,0,0,0,0,0,0
241,2022-09-29 10:07:50,vpt,vpt,hou-vpt-tracer,0.5328369,359.5523,89.69238,90.05493,0.0,19900.0,358.58551025390625,1200.0,13.545734,100,13,0,0,0,0,368
242,2022-09-29 10:10:24,hsrhi,hsrhi,hou-hsrhi-tracer-vol,54.46472,204.51599,0.7800293,182.99927,0.0,109900.0,84.4793701171875,800.0,11.497805,47,2,0,0,0,0,150
243,2022-09-29 10:15:05,hsrhi,hsrhi,hou-hsrhi-tracer-anc,63.05603,63.12195,0.80200195,178.7915,0.0,109900.0,63.1219482421875,1200.0,3.9559555,5,0,0,0,0,0,29
244,2022-09-29 10:15:57,ppi,ppi,hou-ppi-tracer,0.5657959,359.5523,0.38452148,3.0871582,0.0,109900.0,359.55230712890625,7500.0,4.233862,1,0,0,0,0,0,1
245,2022-09-29 10:17:56,vpt,vpt,hou-vpt-tracer,0.5218506,359.54132,89.69238,90.05493,0.0,19900.0,263.59771728515625,800.0,16.50726,80,12,0,0,0,0,362
246,2022-09-29 10:20:17,hsrhi,hsrhi,hou-hsrhi-tracer-vol,54.46472,204.51599,0.7800293,182.99927,0.0,109900.0,84.4903564453125,1100.0,10.067183,74,1,0,0,0,0,220
247,2022-09-29 10:24:59,hsrhi,hsrhi,hou-hsrhi-tracer-anc,63.05603,63.12195,0.7910156,178.7915,0.0,109900.0,63.0780029296875,1500.0,13.301926,5,1,0,0,0,0,18
248,2022-09-29 10:25:51,ppi,ppi,hou-ppi-tracer,0.5218506,359.5633,0.38452148,3.0871582,0.0,109900.0,,,,0,0,0,0,0,0,0
249,2022-09-29 10:27:50,vpt,vpt,hou-vpt-tracer,0.552063,359.5166,89.70337,90.05493,0.0,19900.0,107.5726318359375,800.0,16.518036,92,19,0,0,0,0,271
250,2022-09-29 10:30:24,hsrhi,hsrhi,hou-hsrhi-tracer-vol,54.486694,204.51599,0.7800293,182.99927,0.0,109900.0,114.4830322265625,1100.0,12.052162,69,3,0,0,0,0,173
251,2022-09-29 10:35:08,hsrhi,hsrhi,hou-hsrhi-tracer-anc,63.05603,63.12195,0.7910156,178.76953,0.0,109900.0,63.1219482421875,1100.0,7.7872276,8,0,0,0,0,0,29
252,2022-09-29 10:36:00,ppi,ppi,hou-ppi-tracer,0.5548096,359.57428,0.38452148,3.0981445,0.0,109900.0,359.54132080078125,7500.0,3.8153725,1,0,0,0,0,0,1
253,2022-09-29 10:37:59,vpt,vpt,hou-vpt-tracer,0.519104,359.53857,89.70337,90.05493,0.0,19900.0,45.5328369140625,1100.0,13.33297,119,13,0,0,0,0,308
254,2022-09-29 10:40:14,hsrhi,hsrhi,hou-hsrhi-tracer-vol,54.46472,204.64783,0.7800293,182.99927,0.0,109900.0,54.5086669921875,1100.0,9.866865,59,0,0,0,0,0,193
255,2022-09-29 10:44:55,hsrhi,hsrhi,hou-hsrhi-tracer-anc,63.05603,63.12195,0.7800293,178.76953,0.0,109900.0,63.1219482421875,1200.0,7.810261,12,0,0,0,0,0,32
256,2022-09-29 10:45:48,ppi,ppi,hou-ppi-tracer,0.54107666,359.5633,0.38452148,3.1311035,0.0,109900.0,,,,0,0,0,0,0,0,0
257,2022-09-29 10:47:46,vpt,vpt,hou-vpt-tracer,0.5218506,359.5523,89.69238,90.05493,0.0,19900.0,160.5706787109375,1800.0,10.707623,105,7,0,0,0,0,389
258,2022-09-29 10:50:27,hsrhi,hsrhi,hou-hsrhi-tracer-vol,54.486694,204.63684,0.7800293,182.99927,0.0,109900.0,114.4940185546875,2500.0,12.496792,47,2,0,0,0,0,205
259,2022-09-29 10:55:08,hsrhi,hsrhi,hou-hsrhi-tracer-anc,63.05603,63.12195,0.7910156,178.76953,0.0,109900.0,63.1219482421875,1600.0,12.862446,5,1,0,0,0,0,35
260,2022-09-29 10:56:01,ppi,ppi,hou-ppi-tracer,0.54382324,359.57428,0.38452148,3.1530762,0.0,109900.0,359.56329345703125,7500.0,3.7280445,1,0,0,0,0,0,1
261,2022-09-29 10:57:59,vpt,vpt,hou-vpt-tracer,0.5630493,359.56055,89.67041,90.05493,0.0,19900.0,99.5855712890625,900.0,15.253113,93,14,0,0,0,0,287
262,2022-09-29 11:00:14,hsrhi,hsrhi,hou-hsrhi-tracer-vol,54.46472,204.51599,0.7910156,182.99927,0.0,109900.0,204.4720458984375,1400.0,12.09086,57,2,0,0,0,0,216
263,2022-09-29 11:04:58,hsrhi,hsrhi,hou-hsrhi-tracer-anc,63.05603,63.12195,0.7910156,178.78052,0.0,109900.0,63.1219482421875,1400.0,8.907776,10,0,0,0,0,0,32
264,2022-09-29 11:05:50,ppi,ppi,hou-ppi-tracer,0.5218506,359.54132,0.38452148,3.1091309,0.0,109900.0,359.5166015625,7500.0,4.0356236,1,0,0,0,0,0,1
265,2022-09-29 11:07:49,vpt,vpt,hou-vpt-tracer,0.54107666,359.5166,89.69238,90.05493,0.0,19900.0,107.5177001953125,700.0,15.820995,107,6,0,0,0,0,400
266,2022-09-29 11:10:25,hsrhi,hsrhi,hou-hsrhi-tracer-vol,54.486694,204.62585,0.7800293,182.99927,0.0,109900.0,144.4866943359375,1300.0,12.808243,60,1,0,0,0,0,204
267,2022-09-29 11:15:05,hsrhi,hsrhi,hou-hsrhi-tracer-anc,63.05603,63.12195,0.7800293,178.76953,0.0,109900.0,63.1219482421875,2000.0,4.659954,1,0,0,0,0,0,28
268,2022-09-29 11:15:58,ppi,ppi,hou-ppi-tracer,0.5218506,359.58527,0.38452148,3.0761719,0.0,109900.0,,,,0,0,0,0,0,0,0
269,2022-09-29 11:17:56,vpt,vpt,hou-vpt-tracer,0.5630493,359.54956,89.69238,90.05493,0.0,19900.0,43.5662841796875,1600.0,10.415848,123,1,0,0,0,0,276
270,2022-09-29 11:20:17,hsrhi,hsrhi,hou-hsrhi-tracer-vol,54.46472,204.64783,0.7800293,182.99927,0.0,109900.0,144.4866943359375,2000.0,9.437662,63,0,0,0,0,0,256
271,2022-09-29 11:24:57,hsrhi,hsrhi,hou-hsrhi-tracer-anc,63.05603,63.12195,0.7800293,178.76953,0.0,109900.0,63.1219482421875,2800.0,2.9479809,3,0,0,0,0,0,39
272,2022-09-29 11:25:49,ppi,ppi,hou-ppi-tracer,0.5218506,359.57428,0.38452148,3.0871582,0.0,109900.0,,,,0,0,0,0,0,0,0
273,2022-09-29 11:27:48,vpt,vpt,hou-vpt-tracer,0.58776855,359.5523,89.69238,90.05493,0.0,19900.0,75.5364990234375,1200.0,16.62766,83,5,0,0,0,0,260
274,2022-09-29 11:30:25,hsrhi,hsrhi,hou-hsrhi-tracer-vol,54.486694,204.51599,0.7800293,182.99927,0.0,109900.0,144.4647216796875,2400.0,8.081125,43,0,0,0,0,0,209
275,2022-09-29 11:35:07,hsrhi,hsrhi,hou-hsrhi-tracer-anc,63.05603,63.12195,0.7910156,178.76953,0.0,109900.0,63.1219482421875,2800.0,4.5367775,6,0,0,0,0,0,31
276,2022-09-29 11:35:59,ppi,ppi,hou-ppi-tracer,0.5328369,359.5633,0.38452148,3.0871582,0.0,109900.0,359.56329345703125,7500.0,4.1616726,1,0,0,0,0,0,1
277,2022-09-29 11:37:58,vpt,vpt,hou-vpt-tracer,0.51086426,359.53033,89.69238,90.05493,0.0,19900.0,131.5447998046875,1000.0,10.559326,89,1,0,0,0,0,290
278,2022-09-29 11:40:15,hsrhi,hsrhi,hou-hsrhi-tracer-vol,54.46472,204.51599,0.7800293,182.99927,0.0,109900.0,144.4866943359375,3000.0,9.478907,41,0,0,0,0,0,223
279,2022-09-29 11:44:57,hsrhi,hsrhi,hou-hsrhi-tracer-anc,63.05603,63.12195,0.7910156,178.7915,0.0,109900.0,63.1219482421875,3000.0,5.424755,5,0,0,0,0,0,38
280,2022-09-29 11:45:49,ppi,ppi,hou-ppi-tracer,0.5218506,359.57428,0.38452148,3.0981445,0.0,109900.0,16.5728759765625,4800.0,15.460775,3,1,0,0,0,0,3
281,2022-09-29 11:47:48,vpt,vpt,hou-vpt-tracer,0.552063,359.5166,89.6814,90.05493,0.0,19900.0,77.5799560546875,600.0,17.500107,69,2,0,0,0,0,232
282,2022-09-29 11:50:26,hsrhi,hsrhi,hou-hsrhi-tracer-vol,54.486694,204.51599,0.7800293,182.99927,0.0,109900.0,204.4720458984375,600.0,26.386051,67,5,0,0,0,0,342
283,2022-09-29 11:55:06,hsrhi,hsrhi,hou-hsrhi-tracer-anc,63.05603,63.12195,0.7910156,178.76953,0.0,109900.0,63.0560302734375,2700.0,15.663162,10,3,0,0,0,0,45
284,2022-09-29 11:55:59,ppi,ppi,hou-ppi-tracer,0.54382324,359.58527,0.38452148,3.1530762,0.0,109900.0,,,,0,0,0,0,0,0,0
285,2022-09-29 11:57:57,vpt,vpt,hou-vpt-tracer,0.54382324,359.5633,89.72534,90.05493,0.0,19900.0,238.5516357421875,1000.0,27.627113,144,20,0,0,0,0,528
286,2022-09-29 12:00:16,hsrhi,hsrhi,hou-hsrhi-tracer-vol,54.46472,204.51599,0.7800293,182.99927,0.0,109900.0,54.5086669921875,600.0,21.859303,98,22,0,0,0,0,370
287,2022-09-29 12:04:56,hsrhi,hsrhi,hou-hsrhi-tracer-anc,63.05603,63.12195,0.7800293,178.76953,0.0,109900.0,63.0780029296875,2800.0,13.923729,10,1,0,0,0,0,49
288,2022-09-29 12:05:48,ppi,ppi,hou-ppi-tracer,0.54382324,359.5633,0.38452148,3.1530762,0.0,109900.0,242.5396728515625,1800.0,6.065222,2,0,0,0,0,0,3
289,2022-09-29 12:07:46,vpt,vpt,hou-vpt-tracer,0.54382324,359.5633,89.6814,90.05493,0.0,19900.0,346.54449462890625,1000.0,19.531218,102,54,0,0,0,0,341
290,2022-09-29 12:10:27,hsrhi,hsrhi,hou-hsrhi-tracer-vol,54.486694,204.51599,0.7800293,182.99927,0.0,109900.0,54.4866943359375,800.0,19.380161,100,13,0,0,0,0,350
291,2022-09-29 12:15:08,hsrhi,hsrhi,hou-hsrhi-tracer-anc,63.05603,63.12195,0.80200195,178.76953,0.0,109900.0,63.0780029296875,3900.0,17.720203,10,1,0,0,0,0,57
292,2022-09-29 12:16:01,ppi,ppi,hou-ppi-tracer,0.5218506,359.58527,0.38452148,3.1091309,0.0,109900.0,124.6014404296875,2100.0,12.740061,2,1,0,0,0,0,2
293,2022-09-29 12:17:59,vpt,vpt,hou-vpt-tracer,0.5657959,359.54132,89.69238,90.05493,0.0,19900.0,43.5772705078125,900.0,27.054768,238,60,0,0,0,0,656
294,2022-09-29 12:20:14,hsrhi,hsrhi,hou-hsrhi-tracer-vol,54.46472,204.64783,0.7800293,182.99927,0.0,109900.0,204.4720458984375,2300.0,16.97857,116,16,0,0,0,0,427
295,2022-09-29 12:24:55,hsrhi,hsrhi,hou-hsrhi-tracer-anc,63.05603,63.12195,0.7800293,178.78052,0.0,109900.0,63.1219482421875,1300.0,12.4926605,5,2,0,0,0,0,45
296,2022-09-29 12:25:48,ppi,ppi,hou-ppi-tracer,0.5218506,359.57428,0.38452148,3.1530762,0.0,109900.0,312.59674072265625,2700.0,20.497253,4,3,0,0,0,0,6
297,2022-09-29 12:27:46,vpt,vpt,hou-vpt-tracer,0.5548096,359.58527,89.69238,90.05493,0.0,19900.0,81.5679931640625,2300.0,21.982243,89,12,0,0,0,0,573
298,2022-09-29 12:30:27,hsrhi,hsrhi,hou-hsrhi-tracer-vol,54.486694,204.62585,0.7800293,182.99927,0.0,109900.0,114.4940185546875,900.0,22.277603,135,21,0,0,0,0,430
299,2022-09-29 12:35:08,hsrhi,hsrhi,hou-hsrhi-tracer-anc,63.05603,63.12195,0.7910156,178.78052,0.0,109900.0,63.0780029296875,700.0,11.120396,8,1,0,0,0,0,42
300,2022-09-29 12:36:01,ppi,ppi,hou-ppi-tracer,0.54382324,359.58527,0.38452148,3.1091309,0.0,109900.0,358.56353759765625,7500.0,9.347454,12,0,0,0,0,0,15
301,2022-09-29 12:37:59,vpt,vpt,hou-vpt-tracer,0.5767822,359.5523,89.70337,90.05493,0.0,19900.0,28.5260009765625,2300.0,20.955479,261,73,0,0,0,0,912
302,2022-09-29 12:40:14,hsrhi,hsrhi,hou-hsrhi-tracer-vol,54.46472,204.51599,0.7800293,182.99927,0.0,109900.0,204.4720458984375,700.0,26.762424,109,22,0,0,0,0,337
303,2022-09-29 12:44:56,hsrhi,hsrhi,hou-hsrhi-tracer-anc,63.05603,63.12195,0.7800293,178.7915,0.0,109900.0,63.0999755859375,2600.0,13.952267,9,2,0,0,0,0,39
304,2022-09-29 12:45:48,ppi,ppi,hou-ppi-tracer,0.5218506,359.5633,0.38452148,3.1091309,0.0,109900.0,177.5445556640625,6800.0,16.054983,12,2,0,0,0,0,23
305,2022-09-29 12:47:47,vpt,vpt,hou-vpt-tracer,0.58776855,359.5523,89.6814,90.05493,0.0,19900.0,153.5284423828125,1900.0,20.355251,60,24,0,0,0,0,567
306,2022-09-29 12:50:27,hsrhi,hsrhi,hou-hsrhi-tracer-vol,54.486694,204.51599,0.7800293,182.99927,0.0,109900.0,114.4940185546875,1000.0,24.330017,82,8,0,0,0,0,367
307,2022-09-29 12:55:08,hsrhi,hsrhi,hou-hsrhi-tracer-anc,63.05603,63.12195,0.7800293,178.7915,0.0,109900.0,63.1219482421875,1800.0,20.398022,9,3,0,0,0,0,38
308,2022-09-29 12:56:00,ppi,ppi,hou-ppi-tracer,0.54107666,359.54132,0.38452148,3.1091309,0.0,109900.0,358.51959228515625,7500.0,9.346495,7,0,0,0,0,0,10
309,2022-09-29 12:57:59,vpt,vpt,hou-vpt-tracer,0.5767822,359.5523,89.70337,90.05493,0.0,19900.0,0.5767822265625,1700.0,15.10331,94,4,0,0,0,0,350
310,2022-09-29 13:00:14,hsrhi,hsrhi,hou-hsrhi-tracer-vol,54.46472,204.51599,0.7800293,182.99927,0.0,109900.0,174.4793701171875,1800.0,23.088604,112,11,0,0,0,0,404
311,2022-09-29 13:04:56,hsrhi,hsrhi,hou-hsrhi-tracer-anc,63.05603,63.12195,0.80200195,178.76953,0.0,109900.0,63.1219482421875,1200.0,21.666706,7,2,0,0,0,0,58
312,2022-09-29 13:05:48,ppi,ppi,hou-ppi-tracer,0.54107666,359.57428,0.38452148,3.1091309,0.0,109900.0,350.52154541015625,2300.0,12.340788,4,1,0,0,0,0,8
313,2022-09-29 13:07:47,vpt,vpt,hou-vpt-tracer,0.54107666,359.5166,89.69238,90.05493,0.0,19900.0,309.54254150390625,800.0,20.725754,185,74,0,0,0,0,436
314,2022-09-29 13:10:27,hsrhi,hsrhi,hou-hsrhi-tracer-vol,54.486694,204.63684,0.7800293,182.99927,0.0,109900.0,144.4866943359375,2200.0,20.975296,126,4,0,0,0,0,452
315,2022-09-29 13:15:08,hsrhi,hsrhi,hou-hsrhi-tracer-anc,63.05603,63.12195,0.80200195,178.76953,0.0,109900.0,63.0780029296875,2400.0,6.6157856,18,0,0,0,0,0,51
316,2022-09-29 13:16:00,ppi,ppi,hou-ppi-tracer,0.5218506,359.56055,0.38452148,3.1530762,0.0,109900.0,63.5504150390625,3600.0,16.18721,10,1,0,0,0,0,12
317,2022-09-29 13:17:59,vpt,vpt,hou-vpt-tracer,0.5657959,359.54132,89.70337,90.05493,0.0,19900.0,110.5499267578125,1600.0,24.759293,196,38,0,0,0,0,534
318,2022-09-29 13:20:14,hsrhi,hsrhi,hou-hsrhi-tracer-vol,54.46472,204.51599,0.7800293,182.99927,0.0,109900.0,84.4903564453125,1800.0,15.452858,135,14,0,0,0,0,472
319,2022-09-29 13:24:54,hsrhi,hsrhi,hou-hsrhi-tracer-anc,63.05603,63.12195,0.7800293,178.76953,0.0,109900.0,63.1219482421875,1500.0,18.883793,14,6,0,0,0,0,83
320,2022-09-29 13:25:46,ppi,ppi,hou-ppi-tracer,0.5218506,359.54132,0.36254883,3.1420898,0.0,109900.0,333.55865478515625,2300.0,3.3146982,3,0,0,0,0,0,3
321,2022-09-29 13:27:45,vpt,vpt,hou-vpt-tracer,0.5328369,359.5523,89.6814,90.05493,0.0,19900.0,203.5931396484375,600.0,21.63071,180,77,0,0,0,0,475
322,2022-09-29 13:30:29,hsrhi,hsrhi,hou-hsrhi-tracer-vol,54.486694,204.63684,0.7800293,182.99927,0.0,109900.0,204.4720458984375,3000.0,21.308556,137,7,0,0,0,0,471
323,2022-09-29 13:35:09,hsrhi,hsrhi,hou-hsrhi-tracer-anc,63.05603,63.12195,0.7800293,178.7915,0.0,109900.0,63.0780029296875,2600.0,15.21994,22,6,0,0,0,0,78
324,2022-09-29 13:36:01,ppi,ppi,hou-ppi-tracer,0.552063,359.58527,0.38452148,3.1530762,0.0,109900.0,282.57110595703125,4700.0,10.479834,5,1,0,0,0,0,7
325,2022-09-29 13:37:59,vpt,vpt,hou-vpt-tracer,0.53009033,359.53857,89.69238,90.05493,0.0,19900.0,221.5777587890625,3000.0,14.182121,129,20,0,0,0,0,517
326,2022-09-29 13:40:14,hsrhi,hsrhi,hou-hsrhi-tracer-vol,54.46472,204.51599,0.7800293,182.99927,0.0,109900.0,204.4720458984375,2100.0,21.369068,144,15,0,0,0,0,446
327,2022-09-29 13:44:54,hsrhi,hsrhi,hou-hsrhi-tracer-anc,63.05603,63.12195,0.7800293,178.78052,0.0,109900.0,63.1219482421875,1500.0,8.917267,13,0,0,0,0,0,66
328,2022-09-29 13:45:47,ppi,ppi,hou-ppi-tracer,0.5548096,359.58527,0.38452148,3.1530762,0.0,109900.0,108.5504150390625,3200.0,7.1026926,5,0,0,0,0,0,8
329,2022-09-29 13:47:45,vpt,vpt,hou-vpt-tracer,0.5767822,359.54132,89.626465,90.05493,0.0,19900.0,79.5574951171875,1500.0,27.281303,92,15,0,0,0,0,280
330,2022-09-29 13:50:28,hsrhi,hsrhi,hou-hsrhi-tracer-vol,54.486694,204.64783,0.7800293,182.99927,0.0,109900.0,84.4793701171875,1700.0,22.932991,143,22,0,0,0,0,439
331,2022-09-29 13:55:09,hsrhi,hsrhi,hou-hsrhi-tracer-anc,63.05603,63.12195,0.7800293,178.75854,0.0,109900.0,63.1219482421875,1700.0,24.645782,25,4,0,0,0,0,90
332,2022-09-29 13:56:01,ppi,ppi,hou-ppi-tracer,0.54382324,359.59625,0.38452148,3.0871582,0.0,109900.0,199.5831298828125,2100.0,6.118145,5,0,0,0,0,0,9
333,2022-09-29 13:58:00,vpt,vpt,hou-vpt-tracer,0.54382324,359.53033,89.69238,90.05493,0.0,19900.0,327.51617431640625,600.0,25.458424,156,34,0,0,0,0,435
334,2022-09-29 14:00:14,hsrhi,hsrhi,hou-hsrhi-tracer-vol,54.46472,204.51599,0.7800293,182.99927,0.0,109900.0,84.4793701171875,1500.0,16.56707,99,8,0,0,0,0,400
335,2022-09-29 14:04:55,hsrhi,hsrhi,hou-hsrhi-tracer-anc,63.05603,63.12195,0.80200195,178.76953,0.0,109900.0,63.1219482421875,1600.0,18.457726,17,1,0,0,0,0,76
336,2022-09-29 14:05:47,ppi,ppi,hou-ppi-tracer,0.54107666,359.58527,0.38452148,3.0651855,0.0,109900.0,215.5572509765625,3000.0,18.102108,7,1,0,0,0,0,9
337,2022-09-29 14:07:46,vpt,vpt,hou-vpt-tracer,0.54107666,359.5166,89.69238,90.05493,0.0,19900.0,139.5098876953125,1500.0,22.355156,219,64,0,0,0,0,543
338,2022-09-29 14:10:23,hsrhi,hsrhi,hou-hsrhi-tracer-vol,54.486694,204.64783,0.7800293,182.99927,0.0,109900.0,54.4866943359375,2200.0,15.755959,113,14,0,0,0,0,435
339,2022-09-29 14:15:05,hsrhi,hsrhi,hou-hsrhi-tracer-anc,63.05603,63.12195,0.7800293,178.76953,0.0,109900.0,63.1219482421875,1600.0,17.664986,10,3,0,0,0,0,68
340,2022-09-29 14:15:57,ppi,ppi,hou-ppi-tracer,0.5328369,359.60724,0.3955078,3.1311035,0.0,109900.0,275.58380126953125,3000.0,12.836342,8,2,0,0,0,0,10
341,2022-09-29 14:17:56,vpt,vpt,hou-vpt-tracer,0.5548096,359.54132,89.70337,90.05493,0.0,19900.0,44.5440673828125,1500.0,25.161118,87,41,0,0,0,0,319
342,2022-09-29 14:20:18,hsrhi,hsrhi,hou-hsrhi-tracer-vol,54.46472,204.51599,0.7800293,183.02124,0.0,109900.0,174.4793701171875,1600.0,24.183533,115,10,0,0,0,0,478
343,2022-09-29 14:24:58,hsrhi,hsrhi,hou-hsrhi-tracer-anc,63.05603,63.12195,0.80200195,178.76953,0.0,109900.0,63.1219482421875,600.0,25.373688,13,3,0,0,0,0,64
344,2022-09-29 14:25:50,ppi,ppi,hou-ppi-tracer,0.5328369,359.54132,0.38452148,3.1311035,0.0,109900.0,167.5799560546875,2900.0,9.522541,4,0,0,0,0,0,9
345,2022-09-29 14:27:49,vpt,vpt,hou-vpt-tracer,0.5767822,359.54132,89.69238,90.05493,0.0,19900.0,281.51641845703125,2200.0,14.805157,90,17,0,0,0,0,342
346,2022-09-29 14:30:24,hsrhi,hsrhi,hou-hsrhi-tracer-vol,54.486694,204.64783,0.7800293,182.99927,0.0,109900.0,84.4793701171875,1500.0,23.994347,117,13,0,0,0,0,449
347,2022-09-29 14:35:06,hsrhi,hsrhi,hou-hsrhi-tracer-anc,63.05603,63.12195,0.7910156,178.76953,0.0,109900.0,63.1109619140625,2400.0,18.594318,18,6,0,0,0,0,76
348,2022-09-29 14:35:58,ppi,ppi,hou-ppi-tracer,0.5218506,359.5633,0.38452148,3.1750488,0.0,109900.0,258.53302001953125,3500.0,9.222961,6,0,0,0,0,0,10
349,2022-09-29 14:37:57,vpt,vpt,hou-vpt-tracer,0.5548096,359.54132,89.69238,90.05493,0.0,19900.0,163.5150146484375,1600.0,11.794403,47,9,0,0,0,0,290
350,2022-09-29 14:50:19,hsrhi,hsrhi,hou-hsrhi-tracer-vol,54.486694,204.64783,0.7800293,182.99927,0.0,109900.0,174.495849609375,5900.0,15.440365,101,8,0,0,0,0,423
351,2022-09-29 14:55:01,hsrhi,hsrhi,hou-hsrhi-tracer-anc,63.05603,63.12195,0.7800293,178.76953,0.0,109900.0,63.1219482421875,3800.0,3.7465668,3,0,0,0,0,0,37
352,2022-09-29 14:55:53,ppi,ppi,hou-ppi-tracer,0.5218506,359.5633,0.38452148,3.1530762,0.0,109900.0,37.5567626953125,2000.0,9.382376,5,0,0,0,0,0,5
353,2022-09-29 14:57:51,vpt,vpt,hou-vpt-tracer,0.54382324,359.57428,89.69238,90.05493,0.0,19900.0,141.5313720703125,4500.0,6.964405,71,0,0,0,0,0,328
354,2022-09-29 15:00:22,hsrhi,hsrhi,hou-hsrhi-tracer-vol,54.46472,204.62585,0.76904297,182.99927,0.0,109900.0,174.4793701171875,1500.0,22.018856,139,19,0,0,0,0,438
355,2022-09-29 15:05:01,hsrhi,hsrhi,hou-hsrhi-tracer-anc,63.05603,63.12195,0.7800293,178.76953,0.0,109900.0,63.1219482421875,1500.0,21.420456,33,7,0,0,0,0,104
356,2022-09-29 15:05:53,ppi,ppi,hou-ppi-tracer,0.53009033,359.54132,0.38452148,3.0871582,0.0,109900.0,316.58477783203125,2500.0,13.372288,3,1,0,0,0,0,5
357,2022-09-29 15:07:52,vpt,vpt,hou-vpt-tracer,0.5218506,359.50836,89.64844,90.05493,0.0,19900.0,279.51690673828125,1400.0,16.439014,63,14,0,0,0,0,564
358,2022-09-29 15:10:21,hsrhi,hsrhi,hou-hsrhi-tracer-vol,54.46472,174.51782,0.7800293,182.99927,0.0,109900.0,84.4793701171875,1500.0,26.863642,193,11,0,0,0,0,547
359,2022-09-29 15:20:20,hsrhi,hsrhi,hou-hsrhi-tracer-vol,54.44275,204.6698,0.7800293,182.99927,0.0,109900.0,84.4793701171875,1500.0,24.121983,161,13,0,0,0,0,458
360,2022-09-29 15:24:59,hsrhi,hsrhi,hou-hsrhi-tracer-anc,63.05603,63.12195,0.7800293,178.76953,0.0,109900.0,63.0780029296875,2100.0,4.0836506,10,0,0,0,0,0,70
361,2022-09-29 15:25:52,ppi,ppi,hou-ppi-tracer,0.5218506,359.5633,0.38452148,3.0871582,0.0,109900.0,225.5328369140625,1300.0,7.1897564,3,0,0,0,0,0,4
362,2022-09-29 15:27:50,vpt,vpt,hou-vpt-tracer,0.58776855,359.5633,89.69238,90.05493,0.0,19900.0,7.5531005859375,1400.0,29.609169,225,69,0,0,0,0,623
363,2022-09-29 15:30:23,hsrhi,hsrhi,hou-hsrhi-tracer-vol,54.46472,204.63684,0.7800293,182.99927,0.0,109900.0,174.4793701171875,1500.0,19.632805,156,5,0,0,0,0,465
364,2022-09-29 15:35:03,hsrhi,hsrhi,hou-hsrhi-tracer-anc,63.05603,63.12195,0.7800293,178.76953,0.0,109900.0,63.1219482421875,2300.0,15.200657,19,7,0,0,0,0,73
365,2022-09-29 15:35:56,ppi,ppi,hou-ppi-tracer,0.5657959,359.5523,0.38452148,3.1311035,0.0,109900.0,353.55377197265625,900.0,18.837467,2,2,0,0,0,0,2
366,2022-09-29 15:37:54,vpt,vpt,hou-vpt-tracer,0.58776855,359.58527,89.69238,90.05493,0.0,19900.0,271.58477783203125,1500.0,25.428114,243,36,0,0,0,0,795
367,2022-09-29 15:40:19,hsrhi,hsrhi,hou-hsrhi-tracer-vol,54.46472,204.51599,0.7800293,183.02124,0.0,109900.0,54.5086669921875,2600.0,15.965343,151,19,0,0,0,0,458
368,2022-09-29 15:45:00,hsrhi,hsrhi,hou-hsrhi-tracer-anc,63.05603,63.12195,0.7910156,178.76953,0.0,109900.0,63.0560302734375,700.0,22.478508,8,3,0,0,0,0,56
369,2022-09-29 15:45:52,ppi,ppi,hou-ppi-tracer,0.54107666,359.5633,0.38452148,3.1311035,0.0,109900.0,44.5550537109375,2700.0,15.839088,4,2,0,0,0,0,9
370,2022-09-29 15:47:51,vpt,vpt,hou-vpt-tracer,0.5657959,359.54132,89.70337,90.05493,0.0,19900.0,141.5533447265625,1600.0,19.194208,133,24,0,0,0,0,380
371,2022-09-29 15:50:22,hsrhi,hsrhi,hou-hsrhi-tracer-vol,54.486694,204.62585,0.7800293,182.99927,0.0,109900.0,54.5086669921875,1400.0,25.617603,122,26,0,0,0,0,395
372,2022-09-29 15:55:01,hsrhi,hsrhi,hou-hsrhi-tracer-anc,63.05603,63.12195,0.7800293,178.76953,0.0,109900.0,63.1219482421875,1500.0,26.075527,15,5,0,0,0,0,43
373,2022-09-29 15:55:53,ppi,ppi,hou-ppi-tracer,0.54382324,359.5633,0.38452148,3.0651855,0.0,109900.0,52.5640869140625,3500.0,2.8640213,1,0,0,0,0,0,2
374,2022-09-29 15:57:52,vpt,vpt,hou-vpt-tracer,0.5548096,359.53033,89.70337,90.05493,0.0,19900.0,43.5772705078125,1800.0,26.859806,189,44,0,0,0,0,660
375,2022-09-29 16:00:22,hsrhi,hsrhi,hou-hsrhi-tracer-vol,54.46472,204.63684,0.7800293,182.99927,0.0,109900.0,84.4793701171875,2900.0,19.959885,124,19,0,0,0,0,381
376,2022-09-29 16:05:02,hsrhi,hsrhi,hou-hsrhi-tracer-anc,61.7157,63.12195,0.7910156,178.76953,0.0,109900.0,63.0780029296875,2200.0,9.256676,23,0,0,0,0,0,60
377,2022-09-29 16:05:55,ppi,ppi,hou-ppi-tracer,0.5218506,359.56055,0.38452148,3.1530762,0.0,109900.0,38.5235595703125,5700.0,13.547581,2,1,0,0,0,0,3
378,2022-09-29 16:07:53,vpt,vpt,hou-vpt-tracer,0.5630493,359.5276,89.6814,90.05493,0.0,19900.0,177.5665283203125,1400.0,27.542725,178,23,0,0,0,0,429
379,2022-09-29 16:10:20,hsrhi,hsrhi,hou-hsrhi-tracer-vol,54.46472,204.51599,0.7800293,182.99927,0.0,109900.0,84.4793701171875,1300.0,18.534546,121,14,0,0,0,0,368
380,2022-09-29 16:15:01,hsrhi,hsrhi,hou-hsrhi-tracer-anc,63.05603,63.12195,0.7800293,178.76953,0.0,109900.0,63.1219482421875,1500.0,17.184574,23,4,0,0,0,0,70
381,2022-09-29 16:15:54,ppi,ppi,hou-ppi-tracer,0.5218506,359.54132,0.40649414,3.1091309,0.0,109900.0,330.52642822265625,800.0,25.499268,4,2,0,0,0,0,6
382,2022-09-29 16:17:52,vpt,vpt,hou-vpt-tracer,0.5767822,359.54132,89.69238,90.05493,0.0,19900.0,81.5570068359375,1700.0,25.02761,166,43,0,0,0,0,711
383,2022-09-29 16:20:21,hsrhi,hsrhi,hou-hsrhi-tracer-vol,54.46472,204.51599,0.7800293,183.01025,0.0,109900.0,84.4793701171875,1300.0,26.103043,150,20,0,0,0,0,377
384,2022-09-29 16:25:01,hsrhi,hsrhi,hou-hsrhi-tracer-anc,63.05603,63.12195,0.80200195,178.7915,0.0,109900.0,63.1219482421875,1500.0,19.920414,12,1,0,0,0,0,40
385,2022-09-29 16:25:54,ppi,ppi,hou-ppi-tracer,0.5218506,359.54132,0.38452148,3.0761719,0.0,109900.0,32.5360107421875,8400.0,10.931093,4,1,0,0,0,0,4
386,2022-09-29 16:27:52,vpt,vpt,hou-vpt-tracer,0.519104,359.53857,89.69238,90.05493,0.0,19900.0,100.5523681640625,1300.0,16.805025,59,4,0,0,0,0,425
387,2022-09-29 16:30:21,hsrhi,hsrhi,hou-hsrhi-tracer-vol,54.486694,204.61487,0.7800293,182.99927,0.0,109900.0,114.5159912109375,1200.0,29.588196,101,11,0,0,0,0,330
388,2022-09-29 16:35:00,hsrhi,hsrhi,hou-hsrhi-tracer-anc,63.05603,63.12195,0.7800293,178.76953,0.0,109900.0,63.0780029296875,2000.0,10.943245,12,2,0,0,0,0,52
389,2022-09-29 16:35:53,ppi,ppi,hou-ppi-tracer,0.54107666,359.58527,0.38452148,3.1091309,0.0,109900.0,17.5286865234375,2400.0,16.106304,8,4,0,0,0,0,9
390,2022-09-29 16:37:51,vpt,vpt,hou-vpt-tracer,0.5548096,359.5523,89.78027,90.05493,0.0,19900.0,264.52056884765625,1300.0,19.012737,216,54,0,0,0,0,460
391,2022-09-29 16:40:22,hsrhi,hsrhi,hou-hsrhi-tracer-vol,54.46472,204.64783,0.7800293,182.99927,0.0,109900.0,54.5086669921875,1500.0,23.442467,106,18,0,0,0,0,336
392,2022-09-29 16:45:02,hsrhi,hsrhi,hou-hsrhi-tracer-anc,63.05603,63.12195,0.7800293,178.76953,0.0,109900.0,63.1219482421875,1400.0,20.722328,16,3,0,0,0,0,25
393,2022-09-29 16:45:55,ppi,ppi,hou-ppi-tracer,0.5328369,359.58527,0.38452148,3.0871582,0.0,109900.0,0.5328369140625,2500.0,10.724936,2,1,0,0,0,0,2
394,2022-09-29 16:47:53,vpt,vpt,hou-vpt-tracer,0.5767822,359.57428,89.70337,90.05493,0.0,19900.0,78.5247802734375,1400.0,18.098877,104,33,0,0,0,0,384
395,2022-09-29 16:50:20,hsrhi,hsrhi,hou-hsrhi-tracer-vol,54.46472,204.64783,0.7800293,182.99927,0.0,109900.0,84.4793701171875,900.0,19.80132,88,10,0,0,0,0,202
396,2022-09-29 16:55:00,hsrhi,hsrhi,hou-hsrhi-tracer-anc,63.05603,63.12195,0.7910156,178.76953,0.0,109900.0,63.1219482421875,1400.0,23.8363,9,1,0,0,0,0,25
397,2022-09-29 16:55:52,ppi,ppi,hou-ppi-tracer,0.5328369,359.56055,0.38452148,3.0871582,0.0,109900.0,177.5555419921875,1800.0,16.065823,5,2,0,0,0,0,6
398,2022-09-29 16:57:51,vpt,vpt,hou-vpt-tracer,0.54107666,359.5166,89.69238,90.05493,0.0,19900.0,271.58477783203125,3600.0,7.392061,111,0,0,0,0,0,453
399,2022-09-29 17:00:23,hsrhi,hsrhi,hou-hsrhi-tracer-vol,54.46472,204.64783,0.7800293,182.99927,0.0,109900.0,174.4793701171875,1400.0,24.664307,92,14,0,0,0,0,258
400,2022-09-29 17:05:05,hsrhi,hsrhi,hou-hsrhi-tracer-anc,63.05603,63.12195,0.7800293,178.76953,0.0,109900.0,63.0780029296875,3000.0,10.508942,7,1,0,0,0,0,27
401,2022-09-29 17:05:58,ppi,ppi,hou-ppi-tracer,0.519104,359.58527,0.38452148,3.0541992,0.0,109900.0,107.5067138671875,2200.0,10.398487,3,1,0,0,0,0,5
402,2022-09-29 17:07:56,vpt,vpt,hou-vpt-tracer,0.5548096,359.5633,89.6814,90.05493,0.0,19900.0,113.5491943359375,1900.0,19.794289,52,20,0,0,0,0,244
403,2022-09-29 17:10:17,hsrhi,hsrhi,hou-hsrhi-tracer-vol,54.46472,204.51599,0.7910156,182.99927,0.0,109900.0,204.4720458984375,1100.0,28.871292,68,16,0,0,0,0,178
404,2022-09-29 17:14:59,hsrhi,hsrhi,hou-hsrhi-tracer-anc,63.05603,63.12195,0.80200195,178.76953,0.0,109900.0,63.1219482421875,1400.0,19.7294,20,7,0,0,0,0,57
405,2022-09-29 17:15:52,ppi,ppi,hou-ppi-tracer,0.5218506,359.58527,0.38452148,3.1530762,0.0,109900.0,3.57330322265625,4500.0,21.495216,9,6,0,0,0,0,13
406,2022-09-29 17:17:50,vpt,vpt,hou-vpt-tracer,0.5218506,359.54132,89.69238,90.05493,0.0,19900.0,42.5555419921875,1400.0,17.649965,136,15,0,0,0,0,473
407,2022-09-29 17:20:22,hsrhi,hsrhi,hou-hsrhi-tracer-vol,54.46472,204.51599,0.7800293,182.99927,0.0,109900.0,174.4793701171875,1600.0,18.006384,67,11,0,0,0,0,193
408,2022-09-29 17:25:03,hsrhi,hsrhi,hou-hsrhi-tracer-anc,63.05603,63.12195,0.7800293,178.76953,0.0,109900.0,63.1219482421875,1600.0,25.545944,6,1,0,0,0,0,27
409,2022-09-29 17:25:55,ppi,ppi,hou-ppi-tracer,0.5218506,359.5633,0.38452148,3.0871582,0.0,109900.0,22.5604248046875,2700.0,21.630512,2,2,0,0,0,0,2
410,2022-09-29 17:27:54,vpt,vpt,hou-vpt-tracer,0.54382324,359.51935,89.70337,90.05493,0.0,19900.0,350.59844970703125,600.0,25.985653,135,27,0,0,0,0,376
411,2022-09-29 17:30:19,hsrhi,hsrhi,hou-hsrhi-tracer-vol,54.486694,204.51599,0.7800293,182.99927,0.0,109900.0,114.4940185546875,1100.0,44.752197,64,17,1,0,0,0,175
412,2022-09-29 17:34:58,hsrhi,hsrhi,hou-hsrhi-tracer-anc,63.05603,63.12195,0.7800293,178.75854,0.0,109900.0,63.1219482421875,1900.0,15.305901,6,1,0,0,0,0,24
413,2022-09-29 17:35:50,ppi,ppi,hou-ppi-tracer,0.5218506,359.5523,0.38452148,3.1530762,0.0,109900.0,335.51422119140625,1700.0,10.463297,4,1,0,0,0,0,4
414,2022-09-29 17:37:49,vpt,vpt,hou-vpt-tracer,0.6097412,359.57428,89.69238,90.05493,0.0,19900.0,9.52789306640625,1400.0,21.628477,138,24,0,0,0,0,414
415,2022-09-29 17:40:24,hsrhi,hsrhi,hou-hsrhi-tracer-vol,54.46472,204.51599,0.7800293,182.99927,0.0,109900.0,54.5086669921875,1500.0,23.898827,64,12,0,0,0,0,177
416,2022-09-29 17:45:06,hsrhi,hsrhi,hou-hsrhi-tracer-anc,63.05603,63.12195,0.7800293,178.75854,0.0,109900.0,63.1219482421875,1500.0,19.442913,16,5,0,0,0,0,37
417,2022-09-29 17:45:59,ppi,ppi,hou-ppi-tracer,0.5328369,359.57428,0.38452148,3.1311035,0.0,109900.0,28.5479736328125,2300.0,16.218554,6,2,0,0,0,0,6
418,2022-09-29 17:47:57,vpt,vpt,hou-vpt-tracer,0.5657959,359.54132,89.70337,90.05493,0.0,19900.0,166.5692138671875,1400.0,25.060244,87,30,0,0,0,0,479
419,2022-09-29 17:50:15,hsrhi,hsrhi,hou-hsrhi-tracer-vol,54.46472,204.62585,0.7800293,182.99927,0.0,109900.0,84.4793701171875,800.0,25.449852,60,11,0,0,0,0,142
420,2022-09-29 17:54:56,hsrhi,hsrhi,hou-hsrhi-tracer-anc,63.05603,63.12195,0.7800293,178.7915,0.0,109900.0,63.1219482421875,800.0,15.926182,6,3,0,0,0,0,17
421,2022-09-29 17:55:48,ppi,ppi,hou-ppi-tracer,0.5218506,359.58527,0.38452148,3.0761719,0.0,109900.0,39.5452880859375,1600.0,8.247675,2,0,0,0,0,0,2
422,2022-09-29 17:57:47,vpt,vpt,hou-vpt-tracer,0.5657959,359.54132,89.69238,90.05493,0.0,19900.0,118.5150146484375,1600.0,16.357477,152,29,0,0,0,0,408
423,2022-09-29 18:00:26,hsrhi,hsrhi,hou-hsrhi-tracer-vol,54.46472,204.64783,0.7800293,182.99927,0.0,109900.0,174.4793701171875,700.0,25.844738,73,16,0,0,0,0,182
424,2022-09-29 18:05:07,hsrhi,hsrhi,hou-hsrhi-tracer-anc,63.05603,63.12195,0.7800293,178.75854,0.0,109900.0,63.0780029296875,1000.0,17.432392,4,1,0,0,0,0,18
425,2022-09-29 18:05:59,ppi,ppi,hou-ppi-tracer,0.552063,359.59625,0.38452148,3.1091309,0.0,109900.0,152.5067138671875,3000.0,1.5844727,1,0,0,0,0,0,1
426,2022-09-29 18:07:58,vpt,vpt,hou-vpt-tracer,0.552063,359.5166,89.69238,90.05493,0.0,19900.0,260.59844970703125,1400.0,26.288612,75,22,0,0,0,0,311
427,2022-09-29 18:10:15,hsrhi,hsrhi,hou-hsrhi-tracer-vol,54.486694,204.64783,0.7800293,182.99927,0.0,109900.0,54.5086669921875,700.0,26.8639,67,13,0,0,0,0,144
428,2022-09-29 18:14:56,hsrhi,hsrhi,hou-hsrhi-tracer-anc,63.05603,63.12195,0.7800293,178.76953,0.0,109900.0,63.0780029296875,2100.0,13.007736,9,2,0,0,0,0,21
429,2022-09-29 18:15:49,ppi,ppi,hou-ppi-tracer,0.552063,359.57428,0.38452148,3.1530762,0.0,109900.0,31.5582275390625,3100.0,20.748753,7,2,0,0,0,0,8
430,2022-09-29 18:17:47,vpt,vpt,hou-vpt-tracer,0.5328369,359.5523,89.69238,90.05493,0.0,19900.0,59.5953369140625,1700.0,22.745613,74,35,0,0,0,0,259
431,2022-09-29 18:20:25,hsrhi,hsrhi,hou-hsrhi-tracer-vol,54.46472,204.51599,0.7800293,182.99927,0.0,109900.0,174.4793701171875,700.0,26.81773,70,15,0,0,0,0,146
432,2022-09-29 18:25:06,hsrhi,hsrhi,hou-hsrhi-tracer-anc,63.05603,63.12195,0.7800293,178.76953,0.0,109900.0,63.0560302734375,2500.0,9.5748005,5,0,0,0,0,0,19
433,2022-09-29 18:25:59,ppi,ppi,hou-ppi-tracer,0.54107666,359.54132,0.38452148,3.1530762,0.0,109900.0,22.5604248046875,3800.0,19.144794,3,1,0,0,0,0,3
434,2022-09-29 18:27:57,vpt,vpt,hou-vpt-tracer,0.5767822,359.54132,89.69238,90.05493,0.0,19900.0,65.5279541015625,1400.0,23.417007,25,15,0,0,0,0,174
435,2022-09-29 18:30:15,hsrhi,hsrhi,hou-hsrhi-tracer-vol,54.46472,204.51599,0.7800293,182.99927,0.0,109900.0,54.5086669921875,600.0,31.078613,60,9,1,0,0,0,167
436,2022-09-29 18:34:55,hsrhi,hsrhi,hou-hsrhi-tracer-anc,63.05603,63.12195,0.7800293,178.76953,0.0,109900.0,63.1219482421875,1400.0,24.470543,8,5,0,0,0,0,15
437,2022-09-29 18:35:48,ppi,ppi,hou-ppi-tracer,0.54382324,359.57428,0.38452148,3.1311035,0.0,109900.0,14.5404052734375,2200.0,17.982815,6,3,0,0,0,0,6
438,2022-09-29 18:37:46,vpt,vpt,hou-vpt-tracer,0.5548096,359.58527,89.69238,90.05493,0.0,19900.0,340.56793212890625,1400.0,27.218464,54,12,0,0,0,0,201
439,2022-09-29 18:40:26,hsrhi,hsrhi,hou-hsrhi-tracer-vol,54.46472,204.51599,0.7800293,182.99927,0.0,109900.0,84.5013427734375,1700.0,29.750874,65,19,0,0,0,0,179
440,2022-09-29 18:45:06,hsrhi,hsrhi,hou-hsrhi-tracer-anc,63.05603,63.12195,0.7800293,178.78052,0.0,109900.0,63.1219482421875,1500.0,22.672928,4,2,0,0,0,0,22
441,2022-09-29 18:45:59,ppi,ppi,hou-ppi-tracer,0.5328369,359.5633,0.38452148,3.0871582,0.0,109900.0,93.5101318359375,800.0,13.512104,2,1,0,0,0,0,2
442,2022-09-29 18:47:57,vpt,vpt,hou-vpt-tracer,0.5548096,359.58527,89.6814,90.05493,0.0,19900.0,230.5535888671875,1400.0,25.052986,91,54,0,0,0,0,236
443,2022-09-29 18:50:16,hsrhi,hsrhi,hou-hsrhi-tracer-vol,54.46472,204.64783,0.7910156,182.99927,0.0,109900.0,204.5159912109375,2400.0,26.41018,63,19,0,0,0,0,182
444,2022-09-29 18:54:58,hsrhi,hsrhi,hou-hsrhi-tracer-anc,63.05603,63.12195,0.7800293,178.78052,0.0,109900.0,63.1219482421875,700.0,29.632092,16,6,0,0,0,0,34
445,2022-09-29 18:55:50,ppi,ppi,hou-ppi-tracer,0.54107666,359.53033,0.38452148,3.1750488,0.0,109900.0,23.5491943359375,3600.0,21.695976,5,3,0,0,0,0,5
446,2022-09-29 18:57:49,vpt,vpt,hou-vpt-tracer,0.58776855,359.5633,89.69238,90.05493,0.0,19900.0,65.5938720703125,1500.0,18.236378,22,7,0,0,0,0,213
447,2022-09-29 19:00:24,hsrhi,hsrhi,hou-hsrhi-tracer-vol,54.46472,204.64783,0.7800293,182.99927,0.0,109900.0,174.4793701171875,3400.0,18.386307,48,2,0,0,0,0,161
448,2022-09-29 19:05:04,hsrhi,hsrhi,hou-hsrhi-tracer-anc,63.05603,63.12195,0.80200195,178.78052,0.0,109900.0,63.0780029296875,4200.0,18.609993,4,1,0,0,0,0,11
449,2022-09-29 19:05:57,ppi,ppi,hou-ppi-tracer,0.5218506,359.58527,0.40649414,3.1530762,0.0,109900.0,26.5924072265625,4000.0,14.695248,3,2,0,0,0,0,3
450,2022-09-29 19:07:55,vpt,vpt,hou-vpt-tracer,0.5767822,359.5523,89.70337,90.05493,0.0,19900.0,8.56109619140625,1400.0,21.623726,153,5,0,0,0,0,368
451,2022-09-29 19:10:18,hsrhi,hsrhi,hou-hsrhi-tracer-vol,54.46472,204.61487,0.7800293,182.99927,0.0,109900.0,204.4720458984375,3000.0,28.093388,71,26,0,0,0,0,164
452,2022-09-29 19:14:58,hsrhi,hsrhi,hou-hsrhi-tracer-anc,63.05603,63.12195,0.7800293,178.7915,0.0,109900.0,63.0780029296875,1000.0,11.975746,1,1,0,0,0,0,18
453,2022-09-29 19:15:50,ppi,ppi,hou-ppi-tracer,0.5218506,359.58527,0.38452148,3.1311035,0.0,109900.0,24.5599365234375,5500.0,11.744289,2,1,0,0,0,0,3
454,2022-09-29 19:17:49,vpt,vpt,hou-vpt-tracer,0.53009033,359.5276,89.69238,90.05493,0.0,19900.0,273.57330322265625,1300.0,7.6852303,30,0,0,0,0,0,202
455,2022-09-29 19:20:24,hsrhi,hsrhi,hou-hsrhi-tracer-vol,54.46472,204.51599,0.7800293,182.99927,0.0,109900.0,204.5159912109375,4800.0,18.92032,67,12,0,0,0,0,165
456,2022-09-29 19:25:07,hsrhi,hsrhi,hou-hsrhi-tracer-anc,63.05603,63.12195,0.7800293,178.76953,0.0,109900.0,63.0780029296875,900.0,18.848011,9,3,0,0,0,0,14
457,2022-09-29 19:25:59,ppi,ppi,hou-ppi-tracer,0.519104,359.58527,0.38452148,3.1311035,0.0,109900.0,34.5465087890625,3400.0,16.425123,3,2,0,0,0,0,3
458,2022-09-29 19:27:58,vpt,vpt,hou-vpt-tracer,0.5657959,359.58527,89.67041,90.05493,0.0,19900.0,122.5579833984375,1300.0,12.603317,66,11,0,0,0,0,224
459,2022-09-29 19:30:16,hsrhi,hsrhi,hou-hsrhi-tracer-vol,54.486694,204.62585,0.7800293,182.99927,0.0,109900.0,54.5086669921875,700.0,24.774338,71,23,0,0,0,0,193
460,2022-09-29 19:34:56,hsrhi,hsrhi,hou-hsrhi-tracer-anc,63.05603,63.12195,0.7910156,178.78052,0.0,109900.0,63.0780029296875,2100.0,9.122204,4,0,0,0,0,0,12
461,2022-09-29 19:35:48,ppi,ppi,hou-ppi-tracer,0.5218506,359.58527,0.38452148,3.1311035,0.0,109900.0,19.5391845703125,2700.0,12.715546,1,1,0,0,0,0,1
462,2022-09-29 19:37:47,vpt,vpt,hou-vpt-tracer,0.54382324,359.5633,89.69238,90.05493,0.0,19900.0,131.5338134765625,1300.0,24.980537,100,24,0,0,0,0,400
463,2022-09-29 19:40:26,hsrhi,hsrhi,hou-hsrhi-tracer-vol,54.46472,204.51599,0.7800293,182.99927,0.0,109900.0,174.4793701171875,2500.0,24.80029,67,18,0,0,0,0,186
464,2022-09-29 19:45:05,hsrhi,hsrhi,hou-hsrhi-tracer-anc,63.05603,63.12195,0.7800293,178.76953,0.0,109900.0,63.1219482421875,3800.0,4.0708694,2,0,0,0,0,0,18
465,2022-09-29 19:45:58,ppi,ppi,hou-ppi-tracer,0.54107666,359.58527,0.38452148,3.0651855,0.0,109900.0,37.5347900390625,4600.0,15.885262,5,5,0,0,0,0,5
466,2022-09-29 19:47:56,vpt,vpt,hou-vpt-tracer,0.5657959,359.54132,89.6814,90.05493,0.0,19900.0,223.5662841796875,1300.0,19.83017,71,5,0,0,0,0,401
467,2022-09-29 19:50:16,hsrhi,hsrhi,hou-hsrhi-tracer-vol,54.46472,204.62585,0.7800293,182.99927,0.0,109900.0,204.4720458984375,1100.0,30.105076,74,16,1,0,0,0,180
468,2022-09-29 19:54:56,hsrhi,hsrhi,hou-hsrhi-tracer-anc,63.05603,63.12195,0.80200195,178.78052,0.0,109900.0,63.0780029296875,600.0,20.311623,10,4,0,0,0,0,22
469,2022-09-29 19:55:48,ppi,ppi,hou-ppi-tracer,0.5328369,359.5523,0.38452148,3.1311035,0.0,109900.0,60.5401611328125,3100.0,6.531391,3,0,0,0,0,0,3
470,2022-09-29 19:57:47,vpt,vpt,hou-vpt-tracer,0.5657959,359.58527,89.69238,90.05493,0.0,19900.0,298.56719970703125,600.0,5.881712,35,0,0,0,0,0,210
471,2022-09-29 20:00:26,hsrhi,hsrhi,hou-hsrhi-tracer-vol,54.46472,204.51599,0.7800293,182.99927,0.0,109900.0,204.4940185546875,1000.0,26.422672,51,14,0,0,0,0,157
472,2022-09-29 20:05:07,hsrhi,hsrhi,hou-hsrhi-tracer-anc,63.05603,63.12195,0.7800293,178.7915,0.0,109900.0,63.0780029296875,2100.0,9.616947,4,0,0,0,0,0,14
473,2022-09-29 20:05:59,ppi,ppi,hou-ppi-tracer,0.54107666,359.5633,0.38452148,3.1530762,0.0,109900.0,155.5059814453125,2300.0,-2.169238,0,0,0,0,0,0,1
474,2022-09-29 20:07:58,vpt,vpt,hou-vpt-tracer,0.5218506,359.54132,89.6814,90.05493,0.0,19900.0,62.5616455078125,3900.0,4.882101,50,0,0,0,0,0,295
475,2022-09-29 20:10:15,hsrhi,hsrhi,hou-hsrhi-tracer-vol,54.46472,204.51599,0.7800293,182.99927,0.0,109900.0,174.4793701171875,1200.0,26.005634,42,13,0,0,0,0,131
476,2022-09-29 20:14:56,hsrhi,hsrhi,hou-hsrhi-tracer-anc,63.05603,63.12195,0.7910156,178.75854,0.0,109900.0,63.0560302734375,2200.0,12.184452,6,3,0,0,0,0,26
477,2022-09-29 20:15:48,ppi,ppi,hou-ppi-tracer,0.552063,359.58527,0.38452148,3.1311035,0.0,109900.0,28.5919189453125,5900.0,14.4074955,4,3,0,0,0,0,4
478,2022-09-29 20:17:46,vpt,vpt,hou-vpt-tracer,0.54107666,359.5166,89.69238,90.05493,0.0,19900.0,204.6038818359375,600.0,8.831558,116,0,0,0,0,0,563
479,2022-09-29 20:20:27,hsrhi,hsrhi,hou-hsrhi-tracer-vol,54.46472,204.51599,0.7800293,182.99927,0.0,109900.0,144.4866943359375,900.0,25.161987,51,15,0,0,0,0,168
480,2022-09-29 20:25:09,hsrhi,hsrhi,hou-hsrhi-tracer-anc,63.05603,63.12195,0.80200195,178.78052,0.0,109900.0,63.0780029296875,900.0,17.406029,6,2,0,0,0,0,20
481,2022-09-29 20:26:01,ppi,ppi,hou-ppi-tracer,0.5548096,359.58527,0.38452148,3.1091309,0.0,109900.0,25.5487060546875,6200.0,11.190479,3,2,0,0,0,0,3
482,2022-09-29 20:28:00,vpt,vpt,hou-vpt-tracer,0.5218506,359.54132,89.69238,90.05493,0.0,19900.0,190.5523681640625,2600.0,11.864822,64,14,0,0,0,0,257
483,2022-09-29 20:30:14,hsrhi,hsrhi,hou-hsrhi-tracer-vol,54.46472,204.51599,0.7800293,182.99927,0.0,109900.0,54.4647216796875,800.0,32.66765,55,6,1,0,0,0,223
484,2022-09-29 20:34:55,hsrhi,hsrhi,hou-hsrhi-tracer-anc,63.05603,63.12195,0.7800293,178.76953,0.0,109900.0,63.1219482421875,700.0,37.23132,13,8,3,0,0,0,33
485,2022-09-29 20:35:47,ppi,ppi,hou-ppi-tracer,0.54382324,359.5633,0.38452148,3.0761719,0.0,109900.0,52.5531005859375,800.0,17.276115,6,6,0,0,0,0,7
486,2022-09-29 20:37:46,vpt,vpt,hou-vpt-tracer,0.5657959,359.58527,89.6814,90.05493,0.0,19900.0,42.5665283203125,1400.0,10.0530815,41,1,0,0,0,0,123
487,2022-09-29 20:40:27,hsrhi,hsrhi,hou-hsrhi-tracer-vol,54.46472,204.63684,0.7800293,182.99927,0.0,109900.0,204.5159912109375,2000.0,23.13144,74,19,0,0,0,0,208
488,2022-09-29 20:45:09,hsrhi,hsrhi,hou-hsrhi-tracer-anc,63.05603,63.12195,0.80200195,178.76953,0.0,109900.0,63.0780029296875,1500.0,6.881983,6,0,0,0,0,0,13
489,2022-09-29 20:46:01,ppi,ppi,hou-ppi-tracer,0.54107666,359.5523,0.3955078,3.1311035,0.0,109900.0,205.5706787109375,1200.0,4.3304386,1,0,0,0,0,0,1
490,2022-09-29 20:48:00,vpt,vpt,hou-vpt-tracer,0.54382324,359.5633,89.6814,90.05493,0.0,19900.0,299.54498291015625,3900.0,1.6868,17,0,0,0,0,0,416
491,2022-09-29 20:50:13,hsrhi,hsrhi,hou-hsrhi-tracer-vol,54.46472,204.61487,0.7800293,182.99927,0.0,109900.0,54.4866943359375,1300.0,26.408352,79,12,0,0,0,0,217
492,2022-09-29 20:54:54,hsrhi,hsrhi,hou-hsrhi-tracer-anc,63.05603,63.12195,0.7800293,178.76953,0.0,109900.0,63.1219482421875,4800.0,0.039173126,1,0,0,0,0,0,17
493,2022-09-29 20:55:46,ppi,ppi,hou-ppi-tracer,0.5657959,359.58527,0.38452148,3.0981445,0.0,109900.0,,,,0,0,0,0,0,0,0
494,2022-09-29 20:57:44,vpt,vpt,hou-vpt-tracer,0.5657959,359.54132,89.69238,90.05493,0.0,19900.0,137.5213623046875,1600.0,8.284729,23,0,0,0,0,0,126
495,2022-09-29 21:00:28,hsrhi,hsrhi,hou-hsrhi-tracer-vol,54.486694,204.51599,0.7800293,182.99927,0.0,109900.0,174.4793701171875,1500.0,24.302631,63,15,0,0,0,0,184
496,2022-09-29 21:05:11,hsrhi,hsrhi,hou-hsrhi-tracer-anc,63.05603,63.12195,0.7910156,178.7915,0.0,109900.0,63.0780029296875,1000.0,13.430553,4,2,0,0,0,0,20
497,2022-09-29 21:06:03,ppi,ppi,hou-ppi-tracer,0.5328369,359.5523,0.3955078,3.0871582,0.0,109900.0,13.5516357421875,4000.0,1.7013931,1,0,0,0,0,0,1
498,2022-09-29 21:08:02,vpt,vpt,hou-vpt-tracer,0.54382324,359.5633,89.69238,90.05493,0.0,19900.0,86.5667724609375,700.0,10.981964,68,4,0,0,0,0,359
499,2022-09-29 21:10:12,hsrhi,hsrhi,hou-hsrhi-tracer-vol,54.486694,204.63684,0.7800293,182.99927,0.0,109900.0,204.5159912109375,2300.0,21.214579,43,9,0,0,0,0,142
500,2022-09-29 21:14:52,hsrhi,hsrhi,hou-hsrhi-tracer-anc,63.05603,63.12195,0.7800293,178.78052,0.0,109900.0,63.1219482421875,900.0,19.896927,8,3,0,0,0,0,19
501,2022-09-29 21:15:45,ppi,ppi,hou-ppi-tracer,0.5218506,359.57428,0.38452148,3.1311035,0.0,109900.0,240.5181884765625,1300.0,8.39332,1,0,0,0,0,0,1
502,2022-09-29 21:17:43,vpt,vpt,hou-vpt-tracer,0.5328369,359.5523,89.6814,90.05493,0.0,19900.0,313.56353759765625,2400.0,8.2765465,48,0,0,0,0,0,374
503,2022-09-29 21:20:27,hsrhi,hsrhi,hou-hsrhi-tracer-vol,54.486694,204.64783,0.7800293,182.99927,0.0,109900.0,84.4793701171875,600.0,22.95317,46,9,0,0,0,0,214
504,2022-09-29 21:25:09,hsrhi,hsrhi,hou-hsrhi-tracer-anc,63.05603,63.12195,0.7800293,178.76953,0.0,109900.0,63.0780029296875,4700.0,12.344349,3,1,0,0,0,0,36
505,2022-09-29 21:26:01,ppi,ppi,hou-ppi-tracer,0.54107666,359.57428,0.38452148,3.0651855,0.0,109900.0,33.5687255859375,5200.0,14.68689,2,2,0,0,0,0,2
506,2022-09-29 21:27:59,vpt,vpt,hou-vpt-tracer,0.5657959,359.54132,89.69238,90.05493,0.0,19900.0,54.5855712890625,4200.0,4.7373085,15,0,0,0,0,0,225
507,2022-09-29 21:30:14,hsrhi,hsrhi,hou-hsrhi-tracer-vol,54.46472,204.62585,0.7800293,182.99927,0.0,109900.0,204.5159912109375,2000.0,20.953424,49,7,0,0,0,0,215
508,2022-09-29 21:34:53,hsrhi,hsrhi,hou-hsrhi-tracer-anc,63.05603,63.12195,0.7800293,178.75854,0.0,109900.0,63.0560302734375,2100.0,12.4464,4,3,0,0,0,0,26
509,2022-09-29 21:35:46,ppi,ppi,hou-ppi-tracer,0.5218506,359.54132,0.3955078,3.1311035,0.0,109900.0,33.5577392578125,4400.0,10.538206,2,1,0,0,0,0,2
510,2022-09-29 21:37:44,vpt,vpt,hou-vpt-tracer,0.54382324,359.5633,89.69238,90.05493,0.0,19900.0,98.5198974609375,1400.0,19.569855,45,15,0,0,0,0,145
511,2022-09-29 21:40:28,hsrhi,hsrhi,hou-hsrhi-tracer-vol,54.486694,204.61487,0.7800293,182.99927,0.0,109900.0,54.4866943359375,1600.0,15.896549,35,3,0,0,0,0,189
512,2022-09-29 21:45:07,hsrhi,hsrhi,hou-hsrhi-tracer-anc,63.05603,63.12195,0.80200195,178.76953,0.0,109900.0,63.0780029296875,1200.0,15.915028,7,3,0,0,0,0,35
513,2022-09-29 21:46:00,ppi,ppi,hou-ppi-tracer,0.5328369,359.5523,0.38452148,3.1311035,0.0,109900.0,,,,0,0,0,0,0,0,0
514,2022-09-29 21:47:58,vpt,vpt,hou-vpt-tracer,0.58776855,359.5633,89.69238,90.05493,0.0,19900.0,20.5389404296875,2000.0,22.432106,70,23,0,0,0,0,276
515,2022-09-29 21:50:15,hsrhi,hsrhi,hou-hsrhi-tracer-vol,54.46472,204.63684,0.7800293,182.99927,0.0,109900.0,114.4940185546875,2700.0,20.137417,54,12,0,0,0,0,149
516,2022-09-29 21:54:55,hsrhi,hsrhi,hou-hsrhi-tracer-anc,63.05603,63.12195,0.7800293,178.7915,0.0,109900.0,63.0780029296875,900.0,18.029282,10,4,0,0,0,0,27
517,2022-09-29 21:55:47,ppi,ppi,hou-ppi-tracer,0.552063,359.58527,0.3955078,3.1530762,0.0,109900.0,22.5714111328125,3900.0,5.2999268,3,0,0,0,0,0,3
518,2022-09-29 21:57:46,vpt,vpt,hou-vpt-tracer,0.54382324,359.5633,89.70337,90.05493,0.0,19900.0,270.54107666015625,3700.0,5.7210083,52,0,0,0,0,0,169
519,2022-09-29 22:00:27,hsrhi,hsrhi,hou-hsrhi-tracer-vol,54.46472,204.62585,0.7800293,182.99927,0.0,109900.0,114.4940185546875,1800.0,20.592644,40,3,0,0,0,0,186
520,2022-09-29 22:05:08,hsrhi,hsrhi,hou-hsrhi-tracer-anc,63.05603,63.12195,0.7910156,178.78052,0.0,109900.0,63.0780029296875,2500.0,19.173004,5,2,0,0,0,0,27
521,2022-09-29 22:06:00,ppi,ppi,hou-ppi-tracer,0.5218506,359.5633,0.38452148,3.1530762,0.0,109900.0,48.5650634765625,6600.0,7.965454,1,0,0,0,0,0,2
522,2022-09-29 22:07:59,vpt,vpt,hou-vpt-tracer,0.5657959,359.54132,89.69238,90.05493,0.0,19900.0,183.5101318359375,3600.0,-0.6454792,0,0,0,0,0,0,112
523,2022-09-29 22:10:14,hsrhi,hsrhi,hou-hsrhi-tracer-vol,54.46472,204.51599,0.7800293,182.99927,0.0,109900.0,54.4647216796875,3900.0,19.583275,29,7,0,0,0,0,125
524,2022-09-29 22:14:55,hsrhi,hsrhi,hou-hsrhi-tracer-anc,63.05603,63.12195,0.7800293,178.76953,0.0,109900.0,63.0780029296875,2200.0,10.227333,3,1,0,0,0,0,24
525,2022-09-29 22:15:48,ppi,ppi,hou-ppi-tracer,0.54382324,359.57428,0.38452148,3.1311035,0.0,109900.0,69.5489501953125,2600.0,1.7971773,1,0,0,0,0,0,1
526,2022-09-29 22:17:46,vpt,vpt,hou-vpt-tracer,0.5767822,359.58527,89.69238,90.05493,0.0,19900.0,151.5509033203125,4100.0,3.9062595,25,0,0,0,0,0,246
527,2022-09-29 22:20:28,hsrhi,hsrhi,hou-hsrhi-tracer-vol,54.486694,204.60388,0.7800293,182.99927,0.0,109900.0,144.503173828125,800.0,16.587952,33,3,0,0,0,0,145
528,2022-09-29 22:25:07,hsrhi,hsrhi,hou-hsrhi-tracer-anc,63.05603,63.12195,0.76904297,178.78052,0.0,109900.0,63.1219482421875,3700.0,-0.007789612,0,0,0,0,0,0,19
529,2022-09-29 22:25:59,ppi,ppi,hou-ppi-tracer,0.54107666,359.57428,0.38452148,3.1530762,0.0,109900.0,23.5272216796875,2000.0,12.445131,1,1,0,0,0,0,1
530,2022-09-29 22:27:58,vpt,vpt,hou-vpt-tracer,0.5218506,359.54132,89.70337,90.05493,0.0,19900.0,298.56719970703125,1500.0,22.67574,33,5,0,0,0,0,242
531,2022-09-29 22:30:15,hsrhi,hsrhi,hou-hsrhi-tracer-vol,54.46472,204.51599,0.7800293,182.99927,0.0,109900.0,204.4720458984375,1800.0,14.82539,39,5,0,0,0,0,166
532,2022-09-29 22:34:57,hsrhi,hsrhi,hou-hsrhi-tracer-anc,63.05603,63.12195,0.7910156,178.76953,0.0,109900.0,63.0560302734375,3700.0,1.1685715,1,0,0,0,0,0,23
533,2022-09-29 22:35:49,ppi,ppi,hou-ppi-tracer,0.5218506,359.57428,0.38452148,3.1530762,0.0,109900.0,19.5391845703125,5100.0,13.242308,4,2,0,0,0,0,4
534,2022-09-29 22:37:48,vpt,vpt,hou-vpt-tracer,0.57403564,359.53857,89.69238,90.05493,0.0,19900.0,323.56109619140625,2000.0,13.770485,39,7,0,0,0,0,175
535,2022-09-29 22:40:25,hsrhi,hsrhi,hou-hsrhi-tracer-vol,54.486694,204.61487,0.7800293,182.99927,0.0,109900.0,144.4866943359375,600.0,16.123375,25,2,0,0,0,0,132
536,2022-09-29 22:45:08,hsrhi,hsrhi,hou-hsrhi-tracer-anc,63.05603,63.12195,0.76904297,178.76953,0.0,109900.0,63.1219482421875,4200.0,-2.2419052,0,0,0,0,0,0,10
537,2022-09-29 22:46:00,ppi,ppi,hou-ppi-tracer,0.5218506,359.5523,0.38452148,3.1530762,0.0,109900.0,,,,0,0,0,0,0,0,0
538,2022-09-29 22:47:58,vpt,vpt,hou-vpt-tracer,0.5657959,359.54132,89.70337,90.05493,0.0,19900.0,172.5457763671875,3500.0,2.9875069,49,0,0,0,0,0,272
539,2022-09-29 22:50:15,hsrhi,hsrhi,hou-hsrhi-tracer-vol,54.46472,204.64783,0.7800293,182.99927,0.0,109900.0,54.5086669921875,600.0,19.405594,34,6,0,0,0,0,130
540,2022-09-29 22:54:56,hsrhi,hsrhi,hou-hsrhi-tracer-anc,63.05603,63.12195,0.7800293,178.7915,0.0,109900.0,63.0780029296875,600.0,14.076927,2,2,0,0,0,0,15
541,2022-09-29 22:55:48,ppi,ppi,hou-ppi-tracer,0.5218506,359.54132,0.38452148,3.1530762,0.0,109900.0,169.5465087890625,2400.0,0.26377487,1,0,0,0,0,0,1
542,2022-09-29 22:57:47,vpt,vpt,hou-vpt-tracer,0.54382324,359.53033,89.69238,90.05493,0.0,19900.0,140.5316162109375,3800.0,3.6251411,47,0,0,0,0,0,317
543,2022-09-29 23:00:27,hsrhi,hsrhi,hou-hsrhi-tracer-vol,54.486694,204.51599,0.7800293,182.99927,0.0,109900.0,54.4866943359375,2300.0,15.722004,30,5,0,0,0,0,135
544,2022-09-29 23:05:07,hsrhi,hsrhi,hou-hsrhi-tracer-anc,63.05603,63.12195,0.7800293,178.76953,0.0,109900.0,63.0560302734375,700.0,9.319464,1,0,0,0,0,0,15
545,2022-09-29 23:05:59,ppi,ppi,hou-ppi-tracer,0.5218506,359.57428,0.38452148,3.043213,0.0,109900.0,,,,0,0,0,0,0,0,0
546,2022-09-29 23:07:58,vpt,vpt,hou-vpt-tracer,0.5657959,359.54132,89.69238,90.076904,0.0,19900.0,271.55181884765625,1300.0,7.9961166,75,0,0,0,0,0,290
547,2022-09-29 23:10:15,hsrhi,hsrhi,hou-hsrhi-tracer-vol,54.46472,204.51599,0.7800293,182.99927,0.0,109900.0,204.4720458984375,2300.0,18.22858,24,1,0,0,0,0,160
548,2022-09-29 23:14:57,hsrhi,hsrhi,hou-hsrhi-tracer-anc,63.05603,63.12195,0.7800293,178.76953,0.0,109900.0,63.1219482421875,3900.0,0.32166672,1,0,0,0,0,0,19
549,2022-09-29 23:15:50,ppi,ppi,hou-ppi-tracer,0.54107666,359.5633,0.38452148,3.0871582,0.0,109900.0,104.5623779296875,3300.0,8.064499,3,0,0,0,0,0,5
550,2022-09-29 23:17:48,vpt,vpt,hou-vpt-tracer,0.5548096,359.54132,89.70337,90.05493,0.0,19900.0,161.5484619140625,3900.0,2.6141205,30,0,0,0,0,0,310
551,2022-09-29 23:20:25,hsrhi,hsrhi,hou-hsrhi-tracer-vol,54.46472,204.51599,0.7800293,182.99927,0.0,109900.0,144.4866943359375,1000.0,18.980007,37,1,0,0,0,0,138
552,2022-09-29 23:25:06,hsrhi,hsrhi,hou-hsrhi-tracer-anc,63.05603,63.12195,0.7800293,178.76953,0.0,109900.0,63.0560302734375,4500.0,6.6197453,4,0,0,0,0,0,28
553,2022-09-29 23:25:58,ppi,ppi,hou-ppi-tracer,0.5328369,359.58527,0.38452148,3.0541992,0.0,109900.0,,,,0,0,0,0,0,0,0
554,2022-09-29 23:27:56,vpt,vpt,hou-vpt-tracer,0.54382324,359.5633,89.6814,90.076904,0.0,19900.0,277.57232666015625,1000.0,18.976122,76,36,0,0,0,0,375
555,2022-09-29 23:30:17,hsrhi,hsrhi,hou-hsrhi-tracer-vol,54.46472,204.51599,0.7800293,182.99927,0.0,109900.0,114.4720458984375,1000.0,6.344227,23,0,0,0,0,0,124
556,2022-09-29 23:35:00,hsrhi,hsrhi,hou-hsrhi-tracer-anc,63.05603,63.12195,0.7800293,178.75854,0.0,109900.0,63.0780029296875,4200.0,9.36714,9,0,0,0,0,0,17
557,2022-09-29 23:35:52,ppi,ppi,hou-ppi-tracer,0.54382324,359.58527,0.38452148,3.1311035,0.0,109900.0,,,,0,0,0,0,0,0,0
558,2022-09-29 23:37:51,vpt,vpt,hou-vpt-tracer,0.519104,359.54956,89.69238,90.06592,0.0,19900.0,331.51519775390625,3100.0,4.8610344,15,0,0,0,0,0,158
559,2022-09-29 23:40:22,hsrhi,hsrhi,hou-hsrhi-tracer-vol,54.46472,204.51599,0.7800293,182.99927,0.0,109900.0,84.4793701171875,1000.0,17.223797,28,2,0,0,0,0,119
560,2022-09-29 23:45:04,hsrhi,hsrhi,hou-hsrhi-tracer-anc,63.05603,63.12195,0.7800293,178.7915,0.0,109900.0,63.0999755859375,1200.0,4.4479465,3,0,0,0,0,0,9
561,2022-09-29 23:45:56,ppi,ppi,hou-ppi-tracer,0.54382324,359.57428,0.38452148,3.0871582,0.0,109900.0,359.51934814453125,7500.0,3.071371,1,0,0,0,0,0,1
562,2022-09-29 23:47:55,vpt,vpt,hou-vpt-tracer,0.5218506,359.51935,89.70337,90.06592,0.0,19900.0,176.5667724609375,3000.0,4.4146423,17,0,0,0,0,0,371
563,2022-09-29 23:50:19,hsrhi,hsrhi,hou-hsrhi-tracer-vol,54.46472,204.51599,0.7800293,182.99927,0.0,109900.0,84.4793701171875,800.0,5.921318,21,0,0,0,0,0,87
564,2022-09-29 23:55:01,hsrhi,hsrhi,hou-hsrhi-tracer-anc,63.05603,63.12195,0.7800293,178.76953,0.0,109900.0,63.0999755859375,1200.0,3.2812767,1,0,0,0,0,0,15
565,2022-09-29 23:55:53,ppi,ppi,hou-ppi-tracer,0.54107666,359.5523,0.38452148,3.1201172,0.0,109900.0,19.5172119140625,3100.0,6.0555134,2,0,0,0,0,0,3
566,2022-09-29 23:57:51,vpt,vpt,hou-vpt-tracer,0.58776855,359.5633,89.6814,90.06592,0.0,19900.0,317.55157470703125,3400.0,4.391094,23,0,0,0,0,0,127
